stock_key,producto
21134,SIN DESCRIPCION
20957,PORCELAIN HANGING BELL SMALL
85226A,SIN DESCRIPCION
85044,SIN DESCRIPCION
20950,SIN DESCRIPCION
84670,SIN DESCRIPCION
82615,PINK MARSHMALLOW SCARF KNITTING KIT
21268,VINTAGE BLUE TINSEL REEL
22275,WEEKEND BAG VINTAGE ROSE PAISLEY
16161M,WRAP  PINK FLOCK
85036b,CHOCOLATE 1 WICK MORRIS BOX CANDLE
72803b,OCEAN SCENT CANDLE JEWELLED DRAWER
35951,SIN DESCRIPCION
21653,SIN DESCRIPCION
84963A,PINK PAINTED KASHMIRI CHAIR
16169N,WRAP BLUE RUSSIAN FOLKART
35597B,BLACKCHRISTMAS TREE 30CM
35833G,damages
84270,SIN DESCRIPCION
90167,SIN DESCRIPCION
37474,SIN DESCRIPCION
85035c,ROSE 3 WICK MORRIS BOX CANDLE
47503J,SET/3 FLORAL GARDEN TOOLS IN BAG
21486,SIN DESCRIPCION
21595,SIN DESCRIPCION
37461,SIN DESCRIPCION
85170A,SIN DESCRIPCION
20849,SIN DESCRIPCION
72803B,SIN DESCRIPCION
22145,SIN DESCRIPCION
90128B,BLUE LEAVES AND BEADS PHONE CHARM
21777,RECIPE BOX WITH METAL HEART
84773,SIN DESCRIPCION
85018C,SIN DESCRIPCION
20878,SIN DESCRIPCION
37509,SIN DESCRIPCION
62095B,SIN DESCRIPCION
72814,SIN DESCRIPCION
84247C,SIN DESCRIPCION
90042B,SIN DESCRIPCION
84536b,FAIRY CAKES NOTEBOOK A7 SIZE
20861,GOLD COSMETIC BAG PINK STAR
21431,SIN DESCRIPCION
35958,SIN DESCRIPCION
35004P,SIN DESCRIPCION
90126A,PINK BERTIE MOBILE PHONE CHARM
90152B,BLUE/GREEN SHELL NECKLACE W PENDANT
90078,PINK/WHITE GLASS DEMI CHOKER
35832,WOOLLY HAT SOCK GLOVE ADVENT STRING
20871,OPULENT VELVET SET/3 CANDLES
21186,WHITE DOVE HONEYCOMB PAPER GARLAND
84596e,SMALL LICORICE DES PINK BOWL
37503,TEA TIME CAKE STAND IN GIFT BOX
21895,SIN DESCRIPCION
90060B,FIRE POLISHED GLASS NECKL GOLD
90060D,FIRE POLISHED GLASS NECKL BRONZE
84620,BLUE GINGHAM ROSE CUSHION COVER
17012E,ORIGAMI OPIUM INCENSE/CANDLE SET
22218,CAKE STAND LACE WHITE
85031B,BLOSSOM IMAGES SCRAP BOOK SET
90142A,GREEN PENDANT SHELL NECKLACE
90178B,PURPLE CHUNKY GLASS+BEAD NECKLACE
85109,PINK BOUDOIR T-LIGHT HOLDER
84802A,WHITE ANEMONE ARTIFICIAL FLOWER
21491,SIN DESCRIPCION
21009,SIN DESCRIPCION
DCGS0076,SUNJAR LED NIGHT NIGHT LIGHT
21011,GLITTER SNOW PEAR TREE DECORATION
18098c,PORCELAIN BUTTERFLY OIL BURNER
85160a,WHITE BIRD GARDEN DESIGN MUG
m,Manual
85035b,CHOCOLATE 3 WICK MORRIS BOX CANDLE
84968f,SET OF 16 VINTAGE SKY BLUE CUTLERY
84596b,SMALL DOLLY MIX DESIGN ORANGE BOWL
85035a,GARDENIA 3 WICK MORRIS BOXED CANDLE
84534b,FAIRY CAKE NOTEBOOK A5 SIZE
35001W,SIN DESCRIPCION
90112,SIN DESCRIPCION
79320,FLAMINGO LIGHTS
85042,ANTIQUE LILY FAIRY LIGHTS
85023C,PINK LARGE JEWELED PHOTOFRAME
21589,SIN DESCRIPCION
72038P,damages
84546,SIN DESCRIPCION
35271S,SIN DESCRIPCION
90042C,FRESHWATER PEARL BRACELET IVORY
85099f,JUMBO BAG STRAWBERRY
90092,BLUE CRYSTAL BOOT PHONE CHARM
22323,SIN DESCRIPCION
17011A,SIN DESCRIPCION
35957,SMALLFOLKART BAUBLE CHRISTMAS DEC
85018D,YULETIDE IMAGES S/6 PAPER BOXES
84675,FROG KING WATERING CAN
85055,FRENCH ENAMEL UTENSIL HOLDER
21632,SIN DESCRIPCION
85206B,PINK FELT EASTER EGG BASKET
90120A,PINK MURANO TWIST BRACELET
90037A,TINY CRYSTAL BRACELET RED
47570b,TEA TIME TABLE CLOTH
21348,SIN DESCRIPCION
16206B,RED PURSE WITH PINK HEART
17164B,ASS COL SMALL SAND GECKO P'WEIGHT
84455,SIN DESCRIPCION
22146,SIN DESCRIPCION
85047,WHITE BEADED GARLAND STRING 20LIGHT
84967A,SIN DESCRIPCION
84967B,SIN DESCRIPCION
84966B,SIN DESCRIPCION
84966A,SIN DESCRIPCION
20798,SIN DESCRIPCION
21667,SIN DESCRIPCION
22830,SIN DESCRIPCION
75013B,SIN DESCRIPCION
35607A,SIN DESCRIPCION
22184,SIN DESCRIPCION
DCGS0055,SIN DESCRIPCION
DCGS0072,SIN DESCRIPCION
DCGS0074,SIN DESCRIPCION
17165D,SIN DESCRIPCION
20864,SIN DESCRIPCION
20892,SIN DESCRIPCION
20910,SIN DESCRIPCION
21282,SIN DESCRIPCION
21645,SIN DESCRIPCION
21805,SIN DESCRIPCION
21836,SIN DESCRIPCION
22143,SIN DESCRIPCION
22765,SIN DESCRIPCION
35644,SIN DESCRIPCION
35991,SIN DESCRIPCION
47579,SIN DESCRIPCION
84424A,SIN DESCRIPCION
84499,SIN DESCRIPCION
84509F,SIN DESCRIPCION
84526,SIN DESCRIPCION
84664,SIN DESCRIPCION
84964B,SIN DESCRIPCION
84975,SIN DESCRIPCION
85031C,SIN DESCRIPCION
85110,SIN DESCRIPCION
85119,SIN DESCRIPCION
85126,SIN DESCRIPCION
85179B,SIN DESCRIPCION
90000C,SIN DESCRIPCION
90095,SIN DESCRIPCION
90091,SIN DESCRIPCION
DCGS0057,SIN DESCRIPCION
17028J,INCENSE BAZAAR PEACH
21690,SIN DESCRIPCION
84795C,SIN DESCRIPCION
22833,SIN DESCRIPCION
84611B,SIN DESCRIPCION
84612B,thrown away
84613A,thrown away
84613C,SIN DESCRIPCION
84614A,thrown away
35969,SIN DESCRIPCION
84823,DANISH ROSE FOLDING CHAIR
22769,SIN DESCRIPCION
21655,SIN DESCRIPCION
85232B,SIN DESCRIPCION
84803A,PINK ALLIUM  ARTIFICIAL FLOWER
90152C,BLUE/NAT SHELL NECKLACE W PENDANT
90128D,PURPLE LEAVES AND BEADS PHONE CHAR
21785,SIN DESCRIPCION
84596g,SMALL CHOCOLATES PINK BOWL
21757,LIGHTHOUSE PRINTED METAL SIGN
16033,SIN DESCRIPCION
62094B,SIN DESCRIPCION
21657,MILK BOTTLE WITH GLASS STOPPER
84562A,PINK/WHITE RIBBED MELAMINE JUG
21651,SIN DESCRIPCION
85065,CREAM SWEETHEART TRAYS
21661,VINTAGE GLASS TEA CADDY
62096A,PINK/YELLOW FLOWERS HANDBAG
17001,HEAVENS SCENT FRAGRANCE OILS ASSTD
90187A,BLUE DROP EARRINGS W BEAD CLUSTER
20738,SIN DESCRIPCION
21488,RED WHITE SCARF  HOT WATER BOTTLE
84985A,SET OF 72 GREEN PAPER DOILIES
21769,showroom
22862,SIN DESCRIPCION
37464,SIN DESCRIPCION
37379A,SIN DESCRIPCION
20689,SIN DESCRIPCION
20671,SIN DESCRIPCION
85092,SIN DESCRIPCION
47563B,SIN DESCRIPCION
37477D,SIN DESCRIPCION
85160A,SIN DESCRIPCION
20960,WATERMELON BATH SPONGE
90040A,MURANO STYLE GLASS BRACELET RED
35610C,Thrown away.
35611B,thrown away
35610B,thrown away
35610A,thrown away
72140F,throw away
35647,VINTAGE BEAD PINK SHADE
79067,SIN DESCRIPCION
90068,"RUBY GLASS NECKLACE 42"""
37351,ORANGE FLOWER MUG
22021,BLUE FELT EASTER EGG BASKET
90200C,BLUE SWEETHEART BRACELET
35911B,PINK/FLOWER RABBIT EGG WARMER
77101A,SIN DESCRIPCION
85206A,SIN DESCRIPCION
37330,BIG POLKADOT MUG
84977,SIN DESCRIPCION
21460,GREEN EASTER EGG HUNT START POST
90036F,"FLOWER GLASS GARLD NECKL36""TURQUOIS"
21538,SIN DESCRIPCION
21717,SIN DESCRIPCION
21826,SIN DESCRIPCION
82605,SIN DESCRIPCION
84227,SIN DESCRIPCION
90084,SIN DESCRIPCION
72759,thrown away-can't sell.
72732,thrown away-can't sell
84306,SIN DESCRIPCION
21547,SIN DESCRIPCION
84559D,SIN DESCRIPCION
22764,"RUSTIC WOODEN CABINET, GLASS DOORS"
84840,SIN DESCRIPCION
85188B,PINK METAL SWINGING BUNNY
37444B,SIN DESCRIPCION
21393,SIN DESCRIPCION
35910A,MULTICOLOUR EASTER RABBIT
21357,SIN DESCRIPCION
21228,SIN DESCRIPCION
35823P,SIN DESCRIPCION
84534B,SIN DESCRIPCION
20857,SIN DESCRIPCION
20854,SIN DESCRIPCION
20860,SIN DESCRIPCION
85224,SIN DESCRIPCION
20850,SIN DESCRIPCION
21283,SIN DESCRIPCION
84854,SIN DESCRIPCION
72821,SIN DESCRIPCION
85067,SIN DESCRIPCION
46115B,SIN DESCRIPCION
90024E,NEW BAROQUE B'FLY NECKLACE MONTANA
47593A,SIN DESCRIPCION
22036,SIN DESCRIPCION
21827,SIN DESCRIPCION
79172D,SIN DESCRIPCION
84678,SIN DESCRIPCION
22127,sold in set?
84898F,SIN DESCRIPCION
21040,SIN DESCRIPCION
90026B,GLASS BEAD HOOP NECKLACE MONTANA
16010,SIN DESCRIPCION
84313B,Damaged
84596E,SIN DESCRIPCION
72800F,SIN DESCRIPCION
72781,SIN DESCRIPCION
35015,SIN DESCRIPCION
72793,SIN DESCRIPCION
72789,SIN DESCRIPCION
72798C,SIN DESCRIPCION
85018B,SIN DESCRIPCION
85063,CREAM SWEETHEART MAGAZINE RACK
20681,PINK POLKADOT CHILDRENS UMBRELLA
85118,SIN DESCRIPCION
35824B,SIN DESCRIPCION
84726,SIN DESCRIPCION
84875A,SIN DESCRIPCION
84876C,SIN DESCRIPCION
21333,CLASSIC WHITE FRAME
84845D,SIN DESCRIPCION
21274,SIN DESCRIPCION
21474,SIN DESCRIPCION
84569B,SIN DESCRIPCION
84520B,SIN DESCRIPCION
10134,SIN DESCRIPCION
84569C,SIN DESCRIPCION
21681,SIN DESCRIPCION
84968B,SET OF 16 VINTAGE IVORY CUTLERY
20785,FUSCHIA RETRO BAR STOOL
84801B,WHITE HYDRANGEA ART FLOWER
21414,SIN DESCRIPCION
21416,SIN DESCRIPCION
21511,SIN DESCRIPCION
21910,SIN DESCRIPCION
16169P,SIN DESCRIPCION
82545A,SIN DESCRIPCION
84251F,SIN DESCRIPCION
84218,SIN DESCRIPCION
21160,SIN DESCRIPCION
35603B,SIN DESCRIPCION
47502,SIN DESCRIPCION
84007,SIN DESCRIPCION
79331,PINK FLOCK GLASS CANDLEHOLDER
21337,SIN DESCRIPCION
84593,SIN DESCRIPCION
46037A,SIN DESCRIPCION
84856L,SIN DESCRIPCION
62096B,SIN DESCRIPCION
84251J,SIN DESCRIPCION
40018F,SIN DESCRIPCION
84864A,SIN DESCRIPCION
72815,SIN DESCRIPCION
21825,SIN DESCRIPCION
10123G,SIN DESCRIPCION
84899F,SIN DESCRIPCION
35922,EASTER BUNNY WREATH
20863,SIN DESCRIPCION
85028S,FRENCH CHATEAU SMALL FRUITBOWL
85028L,FRENCH CHATEAU LARGE FRUIT BOWL
85146,SIN DESCRIPCION
84459B,SIN DESCRIPCION
22415,SIN DESCRIPCION
20820,SIN DESCRIPCION
90010B,BLACK/WHITE GLASS/SILVER BRACELET
84839,SWEETHEART KEY CABINET
85064,CREAM SWEETHEART LETTER RACK
84751B,BLACK MEDIUM GLASS CAKE STAND
21100,Damaged
84858C,PINK RIVIERA HANDBAG
37488A,damaged
37487B,Damaged
37482P,Damaged
85031A,ROMANTIC IMAGES SCRAP BOOK SET
90035A,"PEARL & SHELL 42""NECKL. GREEN"
90042A,FRESHWATER PEARL BRACELET GOLD
84856S,SMALL TAHITI BEACH BAG
85167B,DAMAGED
84462,3 PINK HEN+CHICKS IN BASKET
21736,GOLD SCROLL GLASS T-LIGHT HOLDER
85186A,EASTER BUNNY GARLAND OF FLOWERS
72807b,SET/3 OCEAN SCENT CANDLE JEWEL BOX
85231b,CINAMMON SET OF 9 T-LIGHTS
84510e,SET OF 4 GREEN CAROUSEL COASTERS
16202E,BLACK PHOTO ALBUM
16202A,PASTEL PINK PHOTO ALBUM
47556B,TEA TIME TEA TOWELS
90181C,BLACK GLASS/SHELL/PEARL NECKLACE
90034,WHITE SILVER NECKLACE SHELL GLASS
35915C,SIN DESCRIPCION
84247L,FAWN AND MUSHROOM GREETING CARD
90135A,ORANGE/FUSCHIA STONES NECKLACE
84575A,PINK DOG CANNISTER
16202B,SIN DESCRIPCION
21087,SIN DESCRIPCION
84750B,SIN DESCRIPCION
84388,SIN DESCRIPCION
85030,SIN DESCRIPCION
84666,SIN DESCRIPCION
84461,12 PINK HEN+CHICKS IN BASKET
22458,Missing
85027L,SIN DESCRIPCION
20827,damages
21316,SIN DESCRIPCION
79329,SIN DESCRIPCION
21319,adjustment
17109D,Adjustment
84531A,returned
84531B,returned
90025B,BAROQUE BUTTERFLY EARRINGS RED
22861,EASTER TIN CHICKS IN GARDEN
47013A,damaged
85200,SIN DESCRIPCION
85008,SIN DESCRIPCION
85205B,PINK FELT EASTER RABBIT GARLAND
84872a,TEATIME FUNKY FLOWER BACKPACK FOR 2
85132c,CHARLIE AND LOLA FIGURES TINS
90136,PALE PINK/AMETHYST STONE NECKLACE
90135,ORANGE/WHT/FUSCHIA STONES NECKLACE
22259,FELT FARM ANIMAL HEN
35909A,RABBIT EASTER DECORATION
85068,SIN DESCRIPCION
51020A,adjustment
51020B,adjust
84745B,BLUE HANGING GINGHAM EASTER HEN
84745A,PINK HANGING GINGHAM EASTER HEN
90021,LASER CUT MULTI STRAND NECKLACE
48189,adjustment
85006,SET 4 NURSERY DES ROUND BOXES
21898,SIN DESCRIPCION
22459,SIN DESCRIPCION
21897,SIN DESCRIPCION
21398,damages
85017A,SIN DESCRIPCION
21320,SIN DESCRIPCION
90005A,JADE GREEN ENAMEL HAIR COMB
DCGS0004,HAYNES CAMPER SHOULDER BAG
10002,SIN DESCRIPCION
21923,SIN DESCRIPCION
20896,SIN DESCRIPCION
20825,SIN DESCRIPCION
85136B,SIN DESCRIPCION
85060,SIN DESCRIPCION
35920,SIN DESCRIPCION
35809B,SIN DESCRIPCION
35594,SIN DESCRIPCION
35004C,SIN DESCRIPCION
22525,SIN DESCRIPCION
21410,SIN DESCRIPCION
21330,SIN DESCRIPCION
84715,SIN DESCRIPCION
78027,SIN DESCRIPCION
21806,SIN DESCRIPCION
85145,JARDIN ETCHED GLASS LARGE BELL JAR
90062,CARNIVAL BRACELET
20816,GOLD FLOWER CUSHION COVER
22198,LARGE POPCORN HOLDER
48173c,DOORMAT BLACK FLOCK
85226C,SIN DESCRIPCION
85189,SIN DESCRIPCION
47591A,SIN DESCRIPCION
37424,SIN DESCRIPCION
21692,SIN DESCRIPCION
21412,SIN DESCRIPCION
90100,SIN DESCRIPCION
90037D,SIN DESCRIPCION
85098B,SIN DESCRIPCION
85084,SIN DESCRIPCION
84857A,SIN DESCRIPCION
84482,SIN DESCRIPCION
21120,SIN DESCRIPCION
21854,SIN DESCRIPCION
37333,"RETRO ""TEA FOR ONE"""
84750A,SIN DESCRIPCION
20734,SIN DESCRIPCION
79192A,SIN DESCRIPCION
84705C,PINK FLOCK PHOTO FRAME
85144,SIN DESCRIPCION
84683,SIN DESCRIPCION
35241,ENAMEL BLUE RIM BISCUIT BIN
21656,samples
84689,S/2 BEACH HUT TREASURE CHESTS
35609A,SIN DESCRIPCION
20818,GOLD TEDDY BEAR
21038,SET/4 MODERN VINTAGE COTTON NAPKINS
20778,SIN DESCRIPCION
20851,SIN DESCRIPCION
84916,SIN DESCRIPCION
22073,SIN DESCRIPCION
90040B,MURANO STYLE GLASS BRACELET BLACK
90212B,JET BLACK LAS VEGAS BRACELET ROUND
22353,LUNCH BOX WITH CUTLERY FAIRY CAKES
90002D,FLOWER BURST SILVER RING CRYSTAL
20964,SIN DESCRIPCION
22926,SIN DESCRIPCION
85049d,BRIGHT BLUES RIBBONS
84509g,SET OF 4 FAIRY CAKE PLACEMATS
35809a,ENAMEL PINK TEA CONTAINER
85132a,CHARLIE + LOLA BISCUITS TINS
85231g,ORANGE SCENTED SET/9 T-LIGHTS
23059,Thrown away-rusty
22521,SIN DESCRIPCION
90035C,"PEARL & SHELL 42""NECKL. IVORY"
21527,RED RETROSPOT TRADITIONAL TEAPOT
22719,SIN DESCRIPCION
20803,damages
84661a,WHITE SQUARE TABLE CLOCK
75131,SIN DESCRIPCION
46126A,ELVIS WALLHANGING / CURTAIN
17091A,LAVENDER INCENSE IN TIN
90081B,LILY BROOCH WHITE/SILVER COLOUR
85017C,adjustment
21324,SIN DESCRIPCION
82599,SIN DESCRIPCION
21318,SIN DESCRIPCION
84760S,SIN DESCRIPCION
84990,SIN DESCRIPCION
17011F,ORIGAMI SANDLEWOOD INCENSE+FLOWER
22520,SIN DESCRIPCION
22518,SIN DESCRIPCION
84685,BEACH HUT KEY CABINET
84563A,damaged
84596J,SIN DESCRIPCION
62097B,BLUE STRIPES SHOULDER BAG
84743C,SIN DESCRIPCION
84741C,SIN DESCRIPCION
21144,SIN DESCRIPCION
85195,SIN DESCRIPCION
21195,SIN DESCRIPCION
85198,SIN DESCRIPCION
84535A,SIN DESCRIPCION
47574B,SIN DESCRIPCION
16053,SIN DESCRIPCION
16244B,SIN DESCRIPCION
22524,SIN DESCRIPCION
85132A,damaged
21310,CAPIZ CHANDELIER
16151A,SIN DESCRIPCION
84596l,BISCUITS SMALL BOWL LIGHT BLUE
90125E,AMBER BERTIE GLASS BEAD BAG CHARM
90125C,TURQUOISE BERTIE GLASS BEAD CHARM
20801,SIN DESCRIPCION
21904,SIN DESCRIPCION
71215,METAL BASE FOR CANDLES
84691,PACK 20 DOLLY PEGS
85016,SET OF 6 VINTAGE NOTELETS KIT
90131,PINK/AMETHYST/GOLD NECKLACE
84873A,FUNKY FLOWER PICNIC BAG FOR 4
47344B,BLUE FLOWER DES PURSE
90115,SUMMER BUTTERFLIES BAG CHARM
84906,PINK BUTTERFLY CUSHION COVER
90185D,CRYSTAL DIAMANTE EXPANDABLE RING
20703,BLUE PADDED SOFT MOBILE
84917,SIN DESCRIPCION
84313C,damaged
21397,damaged
79030G,TUMBLER NEW ENGLAND
40003,WHITE BAMBOO RIBS LAMPSHADE
90025E,BAROQUE BUTTERFLY EARRINGS MONTANA
17013D,ORIGAMI ROSE INCENSE IN TUBE
21399,SIN DESCRIPCION
90102,WHITE FRANGIPANI HAIR CLIP
21043,APRON MODERN VINTAGE COTTON
20906,SIN DESCRIPCION
84226,SIN DESCRIPCION
22519,SIN DESCRIPCION
85114a,BLACK ENCHANTED FOREST PLACEMAT
82613a,"METAL SIGN,CUPCAKE SINGLE HOOK"
85019C,Damaged
22272,Damaged
17007B,SIN DESCRIPCION
35809A,ENAMEL PINK TEA CONTAINER
16052,SIN DESCRIPCION
16043,SIN DESCRIPCION
20823,SIN DESCRIPCION
90026A,GLASS BEAD HOOP NECKLACE BLACK
90036D,"FLOWER GLASS GARLAND NECKL.36""BLACK"
23003,Printing smudges/thrown away
35909B,PINK FLOWERS RABBIT EASTER
22788,BROCANTE COAT RACK
22783,SIN DESCRIPCION
37479B,SIN DESCRIPCION
84800L,SIN DESCRIPCION
21614,SIN DESCRIPCION
90104,SIN DESCRIPCION
85185D,SIN DESCRIPCION
79071B,SIN DESCRIPCION
85141,SIN DESCRIPCION
21095,SIN DESCRIPCION
21360,Show Samples
84809B,damaged
84660a,WHITE STITCHED WALL CLOCK
85132b,CHARLIE AND LOLA TABLE TINS
84809A,WHITE CHRYSANTHEMUMS ART FLOWER
44265,SIN DESCRIPCION
21161,SIN DESCRIPCION
21421,damaged
47021G,SET/6 BEAD COASTERS GAUZE BAG GOLD
84706D,SIN DESCRIPCION
85130A,SIN DESCRIPCION
62086A,PINK RETRO BIG FLOWER BAG
90065A,WHITE VINTAGE CRYSTAL BRACELET
84559a,3D SHEET OF DOG STICKERS
72024U,LILAC VOTIVE CANDLE
17014A,ORIGAMI VANILLA INCENSE CONES
85132B,SIN DESCRIPCION
85232A,SIN DESCRIPCION
84510a,SET OF 4 ENGLISH ROSE COASTERS
20731,SIN DESCRIPCION
84709B,SIN DESCRIPCION
47013C,SIN DESCRIPCION
21082,SET/20 FRUIT SALAD PAPER NAPKINS
37423,SIN DESCRIPCION
22618,"mouldy, unsaleable."
90013D,PURPLE VINTAGE EARRINGS
21336,GOLD WASHBAG
22351,DOTCOMGIFTSHOP TEA TOWEL
84597B,damages
84597C,SIN DESCRIPCION
84631,FRUIT TREE AND BIRDS WALL PLAQUE
gift_0001_50,Dotcomgiftshop Gift Voucher £50.00
84865,damaged
20826,SIN DESCRIPCION
22060,damaged
47341A,SIN DESCRIPCION
37444C,SIN DESCRIPCION
62043B,SIN DESCRIPCION
20716,SIN DESCRIPCION
22482,BLUE TEA TOWEL CLASSIC DESIGN
84857C,PINK MONTE CARLO HANDBAG
82095,HEART BUTTONS JEWELLERY BOX
20941,FROG CANDLE
23001,TRAVEL CARD WALLET DOTCOMGIFTSHOP
90046,WHITE WITH METAL BAG CHARM
90048,GREEN WITH METAL BAG CHARM
22451,SIN DESCRIPCION
72802a,ROSE SCENT CANDLE IN JEWELLED BOX
82613b,"METAL SIGN,CUPCAKE SINGLE HOOK"
21763,SIN DESCRIPCION
84548,CROCHET BEAR RED/BLUE  KEYRING
84539,KNITTED RABBIT DOLL
44242A,LILAC FEATHERS CURTAIN
84686,SIN DESCRIPCION
79337,SIN DESCRIPCION
22052,VINTAGE CARAVAN GIFT WRAP
85036a,GARDENIA 1 WICK MORRIS BOXED CANDLE
62074B,ELEPHANT CLIP W SUCTION CUP
21518,BANK ACCOUNT  GREETING  CARD
21307,SET/4 BUTTERFLY MIRROR MAGNETS
71143,ANTIQUE SILVER BOOK MARK WITH BEADS
90125A,PINK BERTIE GLASS BEAD BAG CHARM
90125D,PURPLE BERTIE GLASS BEAD BAG CHARM
84688,BEACH HUT DESIGN BLACKBOARD
84247G,"DECOUPAGE,GREETING CARD,"
22242,SIN DESCRIPCION
75172,SIN DESCRIPCION
10123C,SIN DESCRIPCION
90126C,AMBER BERTIE MOBILE PHONE CHARM
90127A,PINK BEADS+HAND PHONE CHARM
84881,BLUE WIRE SPIRAL CANDLE HOLDER
90141D,ROSE PENDANT TRIPLE SHELL NECKLACE
21635,SIN DESCRIPCION
37444A,SIN DESCRIPCION
37491D,PURPLE/BLUE CERAMIC CANDLE HOLDER
37491B,BLUE/YELLOW CERAMIC CANDLE HOLDER
37491C,GREEN/BLUE CERAMIC CANDLE HOLDER
21472,SIN DESCRIPCION
22088,SIN DESCRIPCION
17096,SIN DESCRIPCION
84849B,FAIRY SOAP SOAP HOLDER
84576,damaged
84877A,SIN DESCRIPCION
16049,SIN DESCRIPCION
84797B,SIN DESCRIPCION
84798B,SIN DESCRIPCION
84746,PINK EASTER HENS+FLOWER
84910A,PINK PAISLEY CUSHION COVER
90137,PINK COMBO MINI CRYSTALS NECKLACE
18007,ESSENTIAL BALM 3.5g TIN IN ENVELOPE
81953P,ROUND ARTICULATED PINK CLOCK W/SUCK
84387A,BIRD ON BRANCH CANVAS SCREEN
81953B,SIN DESCRIPCION
81950V,SIN DESCRIPCION
85188A,GREEN METAL SWINGING BUNNY
35921,EASTER BUNNY HANGING GARLAND
22444,GROW YOUR OWN PLANT IN A CAN
84857B,BLUE MONTE CARLO HANDBAG
84789,SIN DESCRIPCION
84402B,SIN DESCRIPCION
84632,DECORATIVE HANGING SHELVING UNIT
22777,SIN DESCRIPCION
85103,stock creditted wrongly
84763,SIN DESCRIPCION
90024C,NEW BAROQUE B'FLY NECKLACE GREEN
90000B,MIDNIGHT BLUE COPPER FLOWER NECKLAC
21720,CAKE SHOP  STICKER SHEET
DCGS0073,ebay
DCGS0071,SIN DESCRIPCION
DCGS0070,SIN DESCRIPCION
DCGS0069,ebay
DCGS0068,ebay
DCGS0067,ebay
DCGS0066P,SIN DESCRIPCION
DCGS0003,ebay
81952B,SIN DESCRIPCION
84872A,TEATIME FUNKY FLOWER BACKPACK FOR 2
84415A,SIN DESCRIPCION
84415B,SIN DESCRIPCION
90128A,PINK LEAVES AND BEADS PHONE CHARM
84584,SIN DESCRIPCION
21839,SIN DESCRIPCION
20954,SIN DESCRIPCION
21594,SIN DESCRIPCION
21858,SIN DESCRIPCION
21432,SIN DESCRIPCION
77079,SIN DESCRIPCION
77081,SIN DESCRIPCION
21765,SIN DESCRIPCION
22168,SIN DESCRIPCION
21781,SIN DESCRIPCION
22528,SIN DESCRIPCION
84761,SIN DESCRIPCION
18097A,SIN DESCRIPCION
17090D,SIN DESCRIPCION
21610,SIN DESCRIPCION
85040B,SIN DESCRIPCION
21278,SIN DESCRIPCION
21361,SIN DESCRIPCION
84925D,SIN DESCRIPCION
72051S,SIN DESCRIPCION
90067B,BROWN VINTAGE VICTORIAN EARRINGS
gift_0001_40,Dotcomgiftshop Gift Voucher £40.00
90039B,FIRE POLISHED GLASS BRACELET MONTAN
16020C,SIN DESCRIPCION
84466,SIN DESCRIPCION
20666,SIN DESCRIPCION
84927E,SIN DESCRIPCION
84927D,SIN DESCRIPCION
79026B,SIN DESCRIPCION
84279B,SIN DESCRIPCION
22202,SIN DESCRIPCION
21392,SIN DESCRIPCION
37477B,SIN DESCRIPCION
37477C,SIN DESCRIPCION
47589,SIN DESCRIPCION
84799,SIN DESCRIPCION
84802B,SIN DESCRIPCION
44091A,SIN DESCRIPCION
21445,SIN DESCRIPCION
84924F,PSYCHEDELIC METAL SIGN CALENDAR
84731,3 BIRDS CANVAS SCREEN
84925F,PSYCHEDELIC WALL THERMOMETER
35650,VINTAGE BEAD PINK JEWEL STAND
90123C,GREEN HEART OF GLASS BRACELET
90123B,TURQUOISE HEART OF GLASS BRACELET
90036B,"FLOWER GLASS GARLAND NECKL.36""GREEN"
84874B,BLUE TRAVEL FIRST AID KIT
22016,Dotcomgiftshop Gift Voucher £100.00
84595E,LARGE TORTILLA DESIGN RED BOWL
84847,SIN DESCRIPCION
21188,3D HEARTS  HONEYCOMB PAPER GARLAND
21792,CLASSIC FRENCH STYLE BASKET GREEN
84963B,BLUE PAINTED KASHMIRI CHAIR
84251C,"GREETING CARD, TWO SISTERS."
21187,WHITE BELL HONEYCOMB PAPER GARLAND
20701,SIN DESCRIPCION
22443,GROW YOUR OWN HERBS SET OF 3
90036A,FLOWER GARLAND NECKLACE RED
18098C,PORCELAIN BUTTERFLY OIL BURNER
84993B,75 BLACK PETIT FOUR CASES
84723,CHERRY BLOSSOM CANVAS ART PICTURE
84358,FLOOR LAMP SHADE WOOD BASE
84803B,WHITE ALLIUM  ARTIFICIAL FLOWER
84660c,PINK STITCHED WALL CLOCK
21171,BATHROOM METAL SIGN
22137,BATHROOM SET LOVE HEART DESIGN
35653,VINTAGE BEAD NOTEBOOK
21359,SIN DESCRIPCION
22194,SIN DESCRIPCION
B,Adjust bad debt
21332,MOROCCAN BEATEN METAL MIRROR
84629,WHITE 3 FRAME BIRDS AND TREE
35816P,"ACRYLIC JEWEL ANGEL,PINK"
20845,ZINC HEART LATTICE 2 WALL PLANTER
79062D,"RETRO TIN ASHTRAY,REVOLUTIONARY"
81950B,FLOWER BLUE CLOCK WITH SUCKER
21069,VINTAGE BILLBOARD TEA MUG
90120D,SIN DESCRIPCION
84732D,CUTE RABBIT CEATURE SCREEN
84732B,CUTE BIRD CEATURE SCREEN
90176C,DIAMANTE NECKLACE
21143,ANTIQUE GLASS HEART DECORATION
44228,CANNABIS LEAF BEAD CURTAIN
20684,SIN DESCRIPCION
84796a,PINK HAWAIIAN PICNIC HAMPER FOR 2
20966,SANDWICH BATH SPONGE
84989a,75 GREEN FAIRY CAKE CASES
85025C,PINK HEART SHAPE PHOTO FRAME
84201C,HAPPY BIRTHDAY CARD TEDDY/CAKE
84800M,MEDIUM WHITE/PINK ROSE ART FLOWER
22480,RED TEA TOWEL CLASSIC DESIGN
20897,VINTAGE NOTEBOOK PARIS DAYS
20664,TROPICAL HOLIDAY PURSE
20667,CHERRY BLOSSOM PURSE
90020,FILIGREE DIAMANTE CHAIN
90029,NEW BAROQUE SMALL NECKLACE BLACK
90132,LIGHT TOPAZ TEAL/AQUA COL NECKLACE
90027A,GLASS BEAD HOOP EARRINGS BLACK
90140,PINK SWEETIE NECKLACE
21609,SET 12 LAVENDER  BOTANICAL T-LIGHTS
22855,FINE WICKER HEART
85214,SIN DESCRIPCION
21272,SIN DESCRIPCION
21662,SIN DESCRIPCION
35966,SIN DESCRIPCION
37501,SIN DESCRIPCION
22157,ANGEL DECORATION WITH LACE PADDED
84660B,BLACK STITCHED WALL CLOCK
47348A,FUSCHIA VOILE POINTY SHOE DEC
gift_0001_30,Dotcomgiftshop Gift Voucher £30.00
90122B,JADE CRYSTAL+GLASS BRACELET
85132C,CHARLIE AND LOLA FIGURES TINS
21784,SIN DESCRIPCION
37342,SIN DESCRIPCION
79336,LIGHT PINK FLOCK GLASS CANDLEHOLDER
47343A,SIN DESCRIPCION
90038C,GLASS AND BEADS BRACELET IVORY
46000P,POLYESTER FILLER PAD 65CMx65CM
90156,RESIN BRACELET W PASTEL BEADS
22760,"TRAY, BREAKFAST IN BED"
44092B,BLUE WHITE PLASTIC RINGS LAMPSHADE
90212C,PURPLE LAS VEGAS BRACELET ROUND
47570B,SIN DESCRIPCION
84507B,STRIPES DESIGN MONKEY DOLL
84660b,BLACK STITCHED WALL CLOCK
90077,BLACK DIAMOND CLUSTER EARRINGS
22256,FELT FARM ANIMAL CHICKEN
21033,JUMBO BAG CHARLIE AND LOLA TOYS
84660C,SIN DESCRIPCION
84800S,SMALL WHITE/PINK ROSE ART FLOWER
20856,??
16162L,THE KING GIFT BAG
21743,STAR PORTABLE TABLE LIGHT
17084J,LOVE POTION MASALA INCENSE
17084A,TRANQUILITY MASALA INCENSE
22461,SAVOY ART DECO CLOCK
16207B,SIN DESCRIPCION
84016,FLAG OF ST GEORGE CAR FLAG
84033,FLAG OF ST GEORGE
37489C,GREEN/BLUE FLOWER DESIGN BIG MUG
90011E,AMBER CRYSTAL DROP EARRINGS
85049B,Amazon
85215,Damaged
21246,damaged
21735,TWO DOOR CURIO CABINET
85230E,Damaged
21179,damaged
35607B,thrown away
35817P,thrown away
84596L,BISCUITS SMALL BOWL LIGHT BLUE
35592T,SIN DESCRIPCION
85049b,LUSH GREENS RIBBONS
84559b,3D SHEET OF CAT STICKERS
84907,PINK YELLOW PATCH CUSHION COVER
84919,BLUE CUSHION COVER WITH FLOWER
21447,12 IVORY ROSE PEG PLACE SETTINGS
84352,SILVER CHRISTMAS TREE BAUBLE STAND
20980,SIN DESCRIPCION
22854,CREAM SWEETHEART EGG HOLDER
35597A,SIN DESCRIPCION
84725,FREESTYLE CANVAS ART PICTURE
79163,damaged
21089,damaged
37343,damaged
84876D,damaged
21654,Damaged
84563B,damaged
85213,SIN DESCRIPCION
84422,Dagamed
84754,S/15 SILVER GLASS BAUBLES IN BAG
44089C,LILAC GAUZE BUTTERFLY LAMPSHADE
84875D,BLUE SQUARE COMPACT MIRROR
85197,SIN DESCRIPCION
44236,SIN DESCRIPCION
84927A,SIN DESCRIPCION
84912A,SIN DESCRIPCION
21641,SIN DESCRIPCION
22245,SIN DESCRIPCION
20793,SIN DESCRIPCION
23134,SIN DESCRIPCION
20773,SIN DESCRIPCION
84637,KITCHEN FLOWER POTS WALL PLAQUE
20678,LARGE BLACK DIAMANTE HAIRSLIDE
35915B,BLUE KNITTED HEN
22502,PICNIC BASKET WICKER SMALL
PADS,PADS TO MATCH ALL CUSHIONS
84251B,"GREETING CARD, STICKY GORDON"
85049F,BABY BOOM RIBBONS
20658,RED RETROSPOT LUGGAGE TAG
90148,LONG SILVER NECKLACE PASTEL FLOWER
44242B,PINK FEATHERS CURTAIN
84905,SIN DESCRIPCION
22876,NUMBER TILE COTTAGE GARDEN 8
84798A,PINK FOXGLOVE ARTIIFCIAL FLOWER
15044B,BLUE PAPER PARASOL
16169K,WRAP FOLK ART
20700,GREEN CAT FLORAL CUSHION COVER
90128C,GREEN LEAVES AND BEADS PHONE CHARM
84816,damages
79000,SIN DESCRIPCION
21363,HOME SMALL WOOD LETTERS
22957,SET 3 PAPER VINTAGE CHICK PAPER EGG
22740,adjustment
90024D,NEW BAROQUE B'FLY NECKLACE PINK
90025D,BAROQUE BUTTERFLY EARRINGS PINK
78034B,BLUE NETTING STORAGE HANGER
21686,MEDINA STAMPED METAL STOOL
20830,SILVER PHOTO FRAME
35265,COLOURFUL FLOWER FRUIT BOWL
85086A,SIN DESCRIPCION
90129A,PINK GLASS TASSLE BAG CHARM
84660A,WHITE STITCHED WALL CLOCK
84625C,SIN DESCRIPCION
84968d,SET OF 16 VINTAGE RED CUTLERY
22877,NUMBER TILE COTTAGE GARDEN 9
22879,NUMBER TILE VINTAGE FONT 0
23605,SET 10 CARDS 12 DAYS OF XMAS 17059
78033,FLAG OF ST GEORGE CHAIR
21870,SIN DESCRIPCION
84551,CROCHET DOG KEYRING
22837,SIN DESCRIPCION
21067,SIN DESCRIPCION
35815P,SIN DESCRIPCION
85049D,SIN DESCRIPCION
90209B,SIN DESCRIPCION
22858,EASTER TIN KEEPSAKE
18094C,WHITE AND BLUE CERAMIC OIL BURNER
22700,BLACK AND WHITE DOG BOWL
85087,CANDY SPOT CUSHION COVER
90053,CRACKED GLAZE EARRINGS IVORY
90025A,BAROQUE BUTTERFLY EARRINGS BLACK
90001D,ANTIQUE OLIVE GREEN FLOWER EARRINGS
90079,VINTAGE ENAMEL & CRYSTAL NECKLACE
90051,CRACKED GLAZE NECKLACE RED
47574A,check
84846A,SCENTED CANDLE IN DIGITALIS TIN
37467,SIN DESCRIPCION
21637,ASSORTED SANSKRIT MINI NOTEBOOK
90123A,PINK HEART OF GLASS BRACELET
22987,WRAP SUMMER ROSE DESIGN
23412,SIN DESCRIPCION
90012A,MIDNIGHT BLUE DROP CRYSTAL NECKLACE
84952C,MIRROR LOVE BIRD T-LIGHT HOLDER
85115B,S/4 BLACK DISCO PARTITION PANEL
90173,PAIR BUTTERFLY HAIR CLIPS
90064B,BLACK VINTAGE  CRYSTAL EARRINGS
90141E,ORANGE PENDANT TRIPLE SHELL NECKLAC
22656,VINTAGE BLUE KITCHEN CABINET
37471,MULTICOLOUR POLKADOT PLATE
21364,PEACE SMALL WOOD LETTERS
21078,SET/20 STRAWBERRY PAPER NAPKINS
23066,SMALL DECO JEWELLERY STAND
21658,GLASS  BEURRE DISH
85116,BLACK CANDELABRA T-LIGHT HOLDER
20998,ROSE DU SUD OVEN GLOVE
72140E,BEST DAD CANDLE LETTERS
21448,12 DAISY PEGS IN WOOD BOX
21634,ASSORTED MINI MADRAS NOTEBOOK
84247K,"FOLK ART GREETING CARD,pack/12"
84661b,BLACK SQUARE TABLE CLOCK
21664,RIDGED GLASS STORAGE JAR CREAM LID
40046A,RED DAISY PAPER LAMPSHADE
20663,QUEEN OF THE SKIES HOLIDAY PURSE
90043,COPPER AND BRASS BAG CHARM
23604,SET 10 MINI SANTA & SNOWMAN  17087
21587,COSY HOUR GIANT TUBE MATCHES
35916A,YELLOW FELT HANGING HEART W FLOWER
35916B,BLUE FELT HANGING HEART WITH FLOWER
35916C,PINK FELT HANGING HEART W FLOWER
22062,SIN DESCRIPCION
85211,SIN DESCRIPCION
21911,SIN DESCRIPCION
84921,CREAM AND PINK FLOWERS PONY
21476,STEEL SWEETHEART ROUND TABLE CREAM
90129D,AMBER GLASS TASSLE BAG CHARM
90194,SILVER LARIAT BLACK STONE EARRINGS
84452,METAL RABBIT LADDER EASTER
85186C,BUNNY EGG GARLAND
22849,BREAD BIN DINER STYLE MINT
44092C,PURPLE/COPPER HANGING LAMPSHADE
21738,COSY SLIPPER SHOES SMALL  RED
84638,SMALL KITCHEN FLOWER POTS PLAQUE
35645,VINTAGE BEAD PINK JEWEL BOX
90025F,BAROQUE BUTTERFLY EARRINGS CRYSTAL
90178A,AMBER CHUNKY GLASS+BEAD NECKLACE
90001C,ANTIQUE OPAL WHITE FLOWER EARRINGS
90036E,"FLOWER GLASS GARLD NECKL36""AMETHYST"
37476,CONDIMENT TRAY 4 BOWLS AND 4 SPOONS
21002,ROSE DU SUD DRAWSTRING BAG
85124C,GREEN JUICY FRUIT PHOTO FRAME
20903,VINTAGE KEEPSAKE BOX TRAVELOGUE
45013,FOLDING SHOE TIDY
90142D,MOP PENDANT SHELL NECKLACE
22049,damaged
22857,ASSORTED EASTER GIFT TAGS
20774,SIN DESCRIPCION
22336,damaged
21627,ELEPHANT CARNIVAL POUFFE
20984,damaged
84877D,SIN DESCRIPCION
35597D,SIN DESCRIPCION
22103,MIRROR MOSAIC T-LIGHT HOLDER ROUND
20662,FIRST CLASS HOLIDAY PURSE
22569,FELTCRAFT CUSHION BUTTERFLY
40016,SIN DESCRIPCION
23595,re-adjustment
22039,BOTANICAL LILY GIFT WRAP
82613A,Amazon
21829,adjustment
84507C,adjustment
35914,SIN DESCRIPCION
21424,WOODLAND STORAGE BOX LARGE
21157,RED RETROSPOT WASHBAG
37468,SIN DESCRIPCION
47367B,PAIR PADDED HANGERS PINK CHECK
90016A,SILVER/M.O.P PENDANT ORBIT NECKLACE
90032,IVORY SHELL HEART NECKLACE
90014B,GOLD M.O.P. ORBIT NECKLACE
20702,PINK PADDED MOBILE
22929,SCHOOL DESK AND CHAIR
47518f,ICON PLACEMAT POP ART ELVIS
72351a,SET/6 TURQUOISE BUTTERFLY T-LIGHTS
82613c,"METAL SIGN,CUPCAKE SINGLE HOOK"
85184c,SET 4 VALENTINE DECOUPAGE HEART BOX
21294,ETCHED GLASS COASTER
20967,GREY FLORAL FELTCRAFT SHOULDER BAG
21613,S/12 VANILLA  BOTANICAL T-LIGHTS
21794,adjustment
85032D,damaged
72816,SIN DESCRIPCION
35600A,Found by jackie
22244,3 HOOK HANGER MAGIC GARDEN
21163,DO NOT TOUCH MY STUFF DOOR HANGER
35912B,WHITE/PINK CHICK DECORATION
22257,FELT FARM ANIMAL SHEEP
21801,CHRISTMAS TREE DECORATION WITH BELL
90124A,PINK MURANO TWIST NECKLACE
35810A,ENAMEL PINK COFFEE CONTAINER
84870C,GREEN GEISHA GIRL
16248B,BLUE HOLE PUNCH
85131A,BEADED PEARL HEART WHITE ON STICK
90162C,ANT SILVER FUSCHIA BOUDICCA RING
90162D,ANT SILVER PURPLE BOUDICCA RING
85035B,check
85035A,CHECK
84818,damages
84968a,SET OF 16 VINTAGE ROSE CUTLERY
22035,VINTAGE CARAVAN GREETING CARD
23628,SET 10 CARDS TRIANGLE ICONS  17220
23643,SET 10 CARDS CHRISTMAS BAUBLE 16954
37491A,YELLOW/PINK CERAMIC CANDLE HOLDER
46776a,WOVEN BUBBLE GUM CUSHION COVER
46776b,WOVEN BERRIES CUSHION COVER
46776e,WOVEN CANDY CUSHION COVER
46776f,WOVEN ROSE GARDEN CUSHION COVER
47593b,SCOTTIE DOGS BABY BIB
51014c,"FEATHER PEN,COAL BLACK"
84031a,CHARLIE+LOLA RED HOT WATER BOTTLE
84031b,CHARLIE LOLA BLUE HOT WATER BOTTLE
90001A,ANTIQUE RASPBERRY FLOWER EARRINGS
90183c,BLACK DROP EARRINGS W LONG BEADS
90184c,BLACK CHUNKY BEAD BRACELET W STRAP
90185C,BLACK DIAMANTE EXPANDABLE RING
90209C,PINK ENAMEL+GLASS HAIR COMB
gift_0001_20,Dotcomgiftshop Gift Voucher £20.00
79323G,"Unsaleable, destroyed."
79323B,"Unsaleable, destroyed."
79323GR,"Unsaleable, destroyed."
79323LP,"Unsaleable, destroyed."
79323P,"Unsaleable, destroyed."
79323S,"Unsaleable, destroyed."
79323W,"Unsaleable, destroyed."
79341,"Unsaleable, destroyed."
79342B,"Unsaleable, destroyed."
20902,check
20898,check
84974,S/2 ZINC HEART DESIGN PLANTERS
47016,LIGHT DECORATION BATTERY OPERATED
22655,VINTAGE RED KITCHEN CABINET
84050,check
35968,check
21349,check
84559B,3D SHEET OF CAT STICKERS
23028,DRAWER KNOB CRACKLE GLAZE BLUE
71496B,A4 WALL TIDY RED FLOWERS
71496A,A4 WALL TIDY BLUE OFFICE
85078,SCANDINAVIAN 3 HEARTS NAPKIN RING
90028,NEW BAROQUE LARGE NECKLACE BLK/WHIT
21071,SIN DESCRIPCION
90211B,JET BLACK LAS VEGAS NECKLACE 45CM
90199A,5 STRAND GLASS NECKLACE BLACK
90069,RUBY GLASS CLUSTER NECKLACE
90063A,WHITE VINT ART DECO CRYSTAL NECKLAC
90063B,BLACK VINT ART DEC CRYSTAL NECKLACE
72818,SIN DESCRIPCION
23124,18PC WOODEN CUTLERY SET DISPOSABLE
90124C,GREEN MURANO TWIST NECKLACE
21395,BLUE POLKADOT BEAKER
85093,CANDY SPOT EGG WARMER HARE
79157V,UBO-LIGHT TRIOBASE PURPLE
84766,SILVER ROCOCO CANDLE STICK
90209A,PURPLE ENAMEL+GLASS HAIR COMB
84231,EASTER BUNNY WITH BASKET ON BACK
84465,15 PINK FLUFFY CHICKS IN BOX
20934,SET/3 POT PLANT CANDLES
35911A,MULTICOLOUR RABBIT EGG WARMER
84944,SET OF 6 KASHMIR FOLKART BAUBLES
23187,check
72803A,ROSE SCENT CANDLE JEWELLED DRAWER
35913B,WHITE/PINK CHICK EASTER DECORATION
35910B,PINK FLOWERS RABBIT EASTER
10124G,ARMY CAMO BOOKCOVER TAPE
10124A,SPOTS ON RED BOOKCOVER TAPE
47351B,BLUE  VOILE LAMPSHADE
20848,ZINC HEART LATTICE CHARGER SMALL
22501,PICNIC BASKET WICKER LARGE
21586,KINGS CHOICE GIANT TUBE MATCHES
22950,36 DOILIES VINTAGE CHRISTMAS
90162A,ANT SILVER TURQUOISE BOUDICCA RING
22180,RETROSPOT LAMP
20886,BOX OF 9 PEBBLE CANDLES
22044,CHRISTMAS CARD STACK OF PRESENTS
79164,BLACK WINE GLASS
84913A,SOFT PINK ROSE TOWEL
84795B,SUNSET CHECK HAMMOCK
84796B,BLUE SAVANNAH PICNIC HAMPER FOR 2
47594B,SCOTTIES DESIGN WASHBAG
84984A,GREEN PEONY CUSHION COVER
84984B,RED PEONY CUSHION COVER
84984D,ORIENTAL RED CUSHION COVER
37479P,CUBIC MUG FLOCK PINK ON BROWN
22053,EMPIRE DESIGN ROSETTE
47566b,TEA TIME PARTY BUNTING
85034a,3 GARDENIA MORRIS BOXED CANDLES
90176A,CLASSIC DIAMANTE NECKLACE JET
90176D,DIAMANTE NECKLACE PURPLE
23619,SET 10 CARDS POINSETTIA 17093
21750,LARGE SKULL WINDMILL
84549,CROCHET WHITE RABBIT KEYRING
85017B,ENVELOPE 50 BLOSSOM IMAGES
90001B,ANTIQUE MID BLUE FLOWER EARRINGS
90162B,ANT SILVER LIME GREEN BOUDICCA RING
90026C,GLASS BEAD HOOP NECKLACE GREEN
84508A,check
90065B,BLACK VINT ART DEC CRYSTAL BRACELET
90159,COTE D'AZURE NECKLACE
90196B,BLACK GEMSTONE NECKLACE 45CM
90195B,BLACK GEMSTONE BRACELET
90160B,RED BOUDICCA LARGE BRACELET
21458,2 PICTURE BOOK EGGS EASTER BUNNY
21457,2 PICTURE BOOK EGGS EASTER DUCKS
84457,SET/3 RABBITS FLOWER SKIPPPING ROPE
20977,SIN DESCRIPCION
22874,NUMBER TILE COTTAGE GARDEN 6
90175B,PINK GLASS CHUNKY CHARM BRACELET
21281,VINTAGE KITCHEN PRINT SEAFOOD
21280,VINTAGE KITCHEN PRINT VEGETABLES
35933,SIN DESCRIPCION
20796,SMALL BLUE PROVENCAL CERAMIC BALL
35972,check
85230F,JASMINE VOTIVE CANDLE
90210D,PURPLE ACRYLIC FACETED BANGLE
90184A,AMBER CHUNKY BEAD BRACELET W STRAP
35651,VINTAGE BEAD PINK SCARF
20835,FRENCH LATTICE CUSHION COVER
72802B,check
21275,ZINC TOP  2 DOOR WOODEN SHELF
23091,ZINC HERB GARDEN CONTAINER
35954,check
21817,check
79030D,TUMBLER BAROQUE
23610,SET 10 CARDS CHRISTMAS ROBIN 17095
23624,SET 10 CARD PERFECT NATIVITY 17089
20657,TROPICAL LUGGAGE TAG
22322,BIRD DECORATION GREEN POLKADOT
22934,BAKING MOULD EASTER EGG WHITE CHOC
23602,SET 10 CARDS 3 WISE MEN 17107
20696,FLORAL SOFT CAR TOY
22829,SWEETHEART WIRE WALL TIDY
23664,FLOWER SHOP DESIGN MUG
22268,check
90124B,BLUE MURANO TWIST NECKLACE
40001,WHITE BAMBOO RIBS LAMPSHADE
84968F,SET OF 16 VINTAGE SKY BLUE CUTLERY
90012B,BLACK DROP CRYSTAL NECKLACE
84509b,SET OF 4 FAIRY CAKE PLACEMATS
47590b,PINK HAPPY BIRTHDAY BUNTING
16259,PIECE OF CAMO STATIONERY SET
22183,CAKE STAND VICTORIAN FILIGREE MED
23140,TRIPLE WIRE HOOK IVORY HEART
22803,IVORY EMBROIDERED QUILT
21413,PERIWINKLE T-LIGHT HOLDER
46138B,BLUE CHENILLE SHAGGY CUSHION COVER
35819P,"ACRYLIC HANGING JEWEL,PINK"
82011A,"BATHROOM SCALES, TROPICAL BEACH"
90096,NECKLACE+BRACELET SET BLUE BLOSSOM
72709,IVORY SCULPTED RND CANDLE
85160B,BLACK BIRD GARDEN DESIGN MUG
21539,RED RETROSPOT BUTTER DISH
71279,damages
23024,LARGE BONNE JAM JAR  T-LIGHT HOLDER
20901,VINTAGE KEEPSAKE BOX PINK FLOWER
84952A,CLEAR LOVE BIRD T-LIGHT HOLDER
85131C,BEADED CRYSTAL HEART BLUE ON STICK
84617,NEW BAROQUE BLACK BOXES
90050,CRACKED GLAZE NECKLACE IVORY
23072,damages
23071,damages
84687,BEACH HUT SHELF W 3 DRAWERS
90067A,PINK VINTAGE VICTORIAN EARRINGS
21824,PAINTED METAL STAR WITH HOLLY BELLS
22823,CHEST NATURAL WOOD 20 DRAWERS
22880,NUMBER TILE VINTAGE FONT 1
47504K,SIN DESCRIPCION
22412,SIN DESCRIPCION
84497,BUTTONS AND STRIPES NOTEBOOK
21394,SIN DESCRIPCION
72801G,4 BURGUNDY WINE DINNER CANDLES
22859,EASTER TIN BUNNY BOUQUET
20670,VIP HOLIDAY PURSE
21352,EUCALYPTUS & PINECONE  WREATH
90052,CRACKED GLAZE NECKLACE BROWN
35965,FOLKART HEART NAPKIN RINGS
90122A,PINK CRYSTAL+GLASS BRACELET
21054,SIN DESCRIPCION
16207A,SIN DESCRIPCION
23449,SET OF 6 EASTER RAINBOW CHICKS
84744,S/6 SEW ON CROCHET FLOWERS
22828,REGENCY MIRROR WITH SHUTTERS
85036A,GARDENIA 1 WICK MORRIS BOXED CANDLE
22454,MEASURING TAPE BABUSHKA RED
23702,High Resolution Image
22548,adjustment
21823,damaged
37327,adjustment
21741,COSY SLIPPER SHOES LARGE GREEN
21031,SPACE CADET BLACK
71403,"PINK/WHITE ""KEEP CLEAN"" BULLET BIN"
21618,SIN DESCRIPCION
90000A,RASPBERRY ANT COPPER FLOWER NECKLAC
90185A,AMBER DIAMANTE EXPANDABLE RING
22871,NUMBER TILE COTTAGE GARDEN 3
22878,NUMBER TILE COTTAGE GARDEN No
35818B,adjustment
21847,GREEN  DIAMANTE PEN IN GIFT BOX
90165A,PINK ROSEBUD PEARL EARRINGS
90176B,DIAMANTE NECKLACE BLACK
DCGSSGIRL,GIRLS PARTY BAG
23018,LARGE APOTHECARY MEASURING JAR
10133,damaged
21331,MOROCCAN BEATEN METAL DISH LARGE
20935,ROUND CACTUS CANDLE
22040,BOTANICAL ROSE GIFT WRAP
21202,DOLLY HONEYCOMB GARLAND
22904,CALENDAR PAPER CUT DESIGN
15058B,PINK POLKADOT GARDEN PARASOL
21631,HIPPY CHIC DECORATIVE PARASOL
90160D,PINK BOUDICCA LARGE BRACELET
21725,SWEETIES  STICKERS
20695,FLORAL BLUE MONSTER
85089,CANDY SPOT BUNNY
85036B,CHOCOLATE 1 WICK MORRIS BOX CANDLE
23612,SET 10 MINICARDS CUTE SNOWMAN 17071
23639,SET 10 CARDS MAGICAL TREE 17086
23646,SET 10 CARDS JINGLE BELLS 16957
23652,SET 10 CARD CHRISTMAS STAMPS 16963
90064A,WHITE VINTAGE CRYSTAL EARRINGS
90175C,BLUE GLASS CHUNKY CHARM BRACELET
16015,MEDIUM CHINESE STYLE SCISSOR
22149,check
22827,RUSTIC  SEVENTEEN DRAWER SIDEBOARD
84459A,PINK METAL CHICKEN HEART
85216,ASSORTED CAKES FRIDGE MAGNETS
90189A,SILVER 2 STRAND NECKLACE-LEAF CHARM
90026D,GLASS BEAD HOOP NECKLACE AMETHYST
90154,LAZER CUT NECKLACE W PASTEL BEADS
23065,LARGE DECO JEWELLERY STAND
S,SAMPLES
22860,EASTER TIN CHICKS PINK DAISY
15060B,SIN DESCRIPCION
22570,SIN DESCRIPCION
23620,SET 10 CARDS PERFECT POST 17090
20837,FRENCH FLORAL CUSHION COVER
22856,ASSORTED EASTER DECORATIONS  BELLS
84206B,CAT WITH SUNGLASSES BLANK CARD
35591T,TURQUOISE CHRISTMAS TREE
79066k,RETRO MOD TRAY
84536a,ENGLISH ROSE NOTEBOOK A7 SIZE
15060b,FAIRY CAKE DESIGN UMBRELLA
35638A,PINK AND BLACK STRING CURTAIN
35638B,PINK/BLUE STRING CURTAIN
20754,RETROSPOT RED WASHING UP GLOVES
35598A,DUSTY PINK CHRISTMAS TREE 60CM
21473,SWEETHEART CREAM STEEL TABLE RECT
84824,DANISH ROSE UMBRELLA STAND
21633,SUNFLOWER DECORATIVE PARASOL
84659A,WHITE TRAVEL ALARM CLOCK
21802,CHRISTMAS TREE HEART DECORATION
37489B,BLUE/YELLOW FLOWER DESIGN BIG MUG
21391,FRENCH LAVENDER SCENT HEART
21027,NINJA RABBIT PINK
21030,SPACE CADET RED
23064,CINDERELLA CHANDELIER
71101E,STANDING FAIRY POLE SUPPORT
21562,HAWAIIAN GRASS SKIRT
23633,SET 10 CARDS WORLD CHILDREN 17067
90177E,DROP DIAMANTE EARRINGS GREEN
21617,4 LILY  BOTANICAL DINNER CANDLES
22206,"MUG , DOTCOMGIFTSHOP.COM"
22868,NUMBER TILE COTTAGE GARDEN 0
84665,SQUARE CHERRY BLOSSOM CABINET
21626,VINTAGE UNION JACK PENNANT
23055,rusty thrown away
23057,rusty throw away
10080,GROOVY CACTUS INFLATABLE
84616,SILVER ROCCOCO CHANDELIER
85231G,amazon
22293,HANGING CHICK GREEN DECORATION
22289,HANGING METAL CHICKEN DECORATION
21407,BROWN CHECK CAT DOORSTOP
22892,SET OF SALT AND PEPPER TOADSTOOLS
21992,check
17136A,check
21145,SIN DESCRIPCION
23268,SIN DESCRIPCION
37489A,SIN DESCRIPCION
85045,SIN DESCRIPCION
85135B,SIN DESCRIPCION
84663A,SIN DESCRIPCION
37370,RETRO COFFEE MUGS ASSORTED
21018,damaged
40005B,BLUE ORGANDY ROUND LAMPSHADE W BEA
85024C,PINK SMALL JEWELLED PHOTOFRAME
84522,PINK PARTY SUNGLASSES
21269,ANTIQUE CREAM CUTLERY SHELF
79161A,ST GEORGE SET OF 10 PARTY LIGHTS
20694,FLORAL PINK MONSTER
22033,BOTANICAL ROSE GREETING CARD
90011D,PURPLE CRYSTAL DROP EARRINGS
90190B,GOLD/AMBER DROP EARRINGS W LEAF
21807,WHITE CHRISTMAS STAR DECORATION
90141C,TURQ PENDANT TRIPLE SHELL NECKLACE
20756,GREEN FERN POCKET BOOK
23297,SET 40 HEART SHAPE PETIT FOUR CASES
85194L,HANGING SPRING FLOWER EGG LARGE
22270,HAPPY EASTER HANGING DECORATION
22824,3 TIER SWEETHEART GARDEN SHELF
47586A,PINK FAIRY CAKE CUSHION COVER
21459,YELLOW EASTER EGG HUNT START POST
21461,BLUE EASTER EGG HUNT START POST
22241,GARLAND WOODEN HAPPY EASTER
72802c,VANILLA SCENT CANDLE JEWELLED BOX
72807c,SET/3 VANILLA SCENTED CANDLE IN BOX
85049c,ROMANTIC PINKS RIBBONS
84968C,SET OF 16 VINTAGE PISTACHIO CUTLERY
21556,CERAMIC STRAWBERRY MONEY BOX
20698,LITTLE PINK MONSTER SOFT TOY
20697,LITTLE GREEN MONSTER SOFT TOY
15058A,BLUE POLKADOT GARDEN PARASOL
21815,STAR  T-LIGHT HOLDER
21014,SWISS CHALET TREE DECORATION
21206,STRAWBERRY HONEYCOMB  GARLAND
21830,ASSORTED CREEPY CRAWLIES
23056,FLOWERS CHANDELIER T-LIGHT HOLDER
90049,IVORY GOLD METAL BAG CHARM
21117,BLOND DOLL DOORSTOP
85036C,ROSE 1 WICK MORRIS BOXED CANDLE
22339,CHRISTMAS TREE PAINTED ZINC
21041,RED RETROSPOT OVEN GLOVE DOUBLE
35400,WOODEN BOX ADVENT CALENDAR
21696,SMALL SILVER TRELLIS CANDLEPOT
72127,COLUMBIAN CANDLE ROUND
85163A,WHITE BAROQUE WALL CLOCK
82011C,BATHROOM SCALES FOOTPRINTS IN SAND
82011B,BATHROOM SCALES RUBBER DUCKS
21277,FRENCH STYLE EMBOSSED HEART CABINET
20821,GOLDIE LOOKING MIRROR
23468,TUSCAN VILLA BIRD TABLE
22236,CAKE STAND 3 TIER MAGIC GARDEN
22125,SIN DESCRIPCION
23519,EMBROIDERED RIBBON REEL CLAIRE
23607,SET 10 CARDS HATS & STOCKINGS 17081
23638,SET 10 CARDS ROBIN WATERPUMP  17096
85124B,BLUE JUICY FRUIT PHOTO FRAME
90075,MONTANA DIAMOND CLUSTER NECKLACE
90076,MONTANA DIAMOND CLUSTER EARRINGS
22162,HEART GARLAND RUSTIC PADDED
84870B,BLUE GEISHA GIRL
90011C,GREEN CRYSTAL DROP EARRINGS
90038A,GLASS AND PAINTED BEADS BRACELET TO
90070,RUBY GLASS CLUSTER BRACELET
90129E,PURPLE GLASS TASSLE BAG CHARM
90190A,SILVER/CRYSTAL DROP EARRINGS W LEAF
90205A,LARGE MINT DIAMANTE HAIRSLIDE
22246,MAGIC GARDEN FELT GARLAND
17090A,LAVENDER INCENSE 40 CONES IN TIN
84971L,SIN DESCRIPCION
22652,TRAVEL SEWING KIT
16161G,WRAP BAD HAIR DAY
20836,FRENCH PAISLEY CUSHION COVER
22449,SILK PURSE BABUSHKA PINK
35598C,WHITE CHRISTMAS TREE 60CM
23047,PAPER LANTERN 5 POINT SEQUIN STAR
71495A,CD WALL TIDY BLUE OFFICE
71495B,CD WALL TIDY RED FLOWERS
72807B,????missing
22778,GLASS CLOCHE SMALL
47594A,CAROUSEL DESIGN WASHBAG
84929,ASSTD FRUIT+FLOWERS FRIDGE MAGNETS
21744,SNOWFLAKE PORTABLE TABLE LIGHT
20760,GARDEN PATH POCKET BOOK
21711,FOLDING UMBRELLA WHITE/RED POLKADOT
90011A,MIDNIGHT BLUE CRYSTAL DROP EARRINGS
22954,HEN PARTY CORDON BARRIER TAPE
23015,CORDIAL GLASS JUG
35443,RASTA IN BATH W SPLIFF ASHTRAY
17174,ASSTD RASTA KEY-CHAINS
84673A,PINK FLY SWAT
22051,BLUE SCANDINAVIAN PAISLEY WRAP
71510,SQUARE METAL CANDLEHOLDER BASE
22271,FELTCRAFT DOLL ROSIE
85034A,check
21811,SIN DESCRIPCION
22032,BOTANICAL LILY GREETING CARD
90030C,BROWN KUKUI COCONUT SEED NECKLACE
90031,BILI NUT AND WOOD NECKLACE
72807A,AMAZON
72131,COLUMBIAN CANDLE RECTANGLE
21226,POCKET MIRROR WOODLAND
90098,NECKLACE+BRACELET PINK BUTTERFLY
84527,FLAMES SUNGLASSES PINK LENSES
21643,damaged
22665,RECIPE BOX BLUE SKETCHBOOK DESIGN
21710,FOLDING UMBRELLA PINKWHITE POLKADOT
84206C,CHAMPAGNE TRAY BLANK CARD
84201B,HAPPY BIRTHDAY CARD STRIPEY TEDDY
84206A,3 BLACK CATS W HEARTS BLANK CARD
20847,ZINC HEART LATTICE CHARGER LARGE
22611,VINTAGE UNION JACK SHOPPING BAG
72799F,IVORY PILLAR CANDLE GOLD FLOCK
21190,PINK HEARTS PAPER GARLAND
23410,CURIO CABINET LINEN AND LACE
84550,CROCHET LILAC/RED BEAR KEYRING
22873,NUMBER TILE COTTAGE GARDEN 5
23627,SET 10 CARDS XMAS GRAPHIC  17218
23629,SET 10 CARDS DRESSING UP 17077
23649,SET 10 CARDS DECK THE HALLS 16960
90000D,COPPER/OLIVE GREEN FLOWER NECKLACE
90018C,SILVER BLACK ORBIT DROP EARRINGS
22292,HANGING CHICK  YELLOW DECORATION
22291,HANGING CHICK CREAM DECORATION
22247,BUNNY DECORATION MAGIC GARDEN
22258,FELT FARM ANIMAL RABBIT
22034,ROBIN CHRISTMAS CARD
72807a,SET/3 ROSE CANDLE IN JEWELLED BOX
84971l,LARGE HEART FLOWERS HOOK
85034b,3 WHITE CHOC MORRIS BOXED CANDLES
35833P,check
90027B,GLASS BEAD HOOP EARRINGS MONTANA
90027C,GLASS BEAD HOOP EARRINGS GREEN
90060F,FIRE POLISHED GLASS NECKL GREEN
90130A,WHITE STONE/CRYSTAL EARRINGS
85125,SMALL ROUND CUT GLASS CANDLESTICK
22637,PIGGY BANK RETROSPOT
22503,CABIN BAG VINTAGE PAISLEY
20770,ABSTRACT CIRCLE JOURNAL
85161,ACRYLIC GEOMETRIC LAMP
84842,HELLO SAILOR BATHROOM SET
21647,ASSORTED TUTTI FRUTTI LARGE PURSE
20757,RED DAISY POCKET BOOK
22848,AMAZON
84706F,RED PEONY TABLE CLOCK
21816,CHRISTMAS TREE T-LIGHT HOLDER
16162M,THE KING GIFT BAG 25x24x12cm
22715,CARD WEDDING DAY
85187,S/12 MINI RABBIT EASTER
21192,WHITE BELL HONEYCOMB PAPER
44089A,PINK GAUZE BUTTERFLY LAMPSHADE
23142,IVORY WIRE KITCHEN ORGANISER
35637C,PINK STRING CURTAIN WITH POLE
35637A,IVORY STRING CURTAIN WITH POLE
22825,DECORATIVE PLANT POT WITH FRIEZE
72132,COLUMBIAN CUBE CANDLE
85035C,ROSE 3 WICK MORRIS BOX CANDLE
20752,BLUE POLKADOT WASHING UP GLOVES
90082D,DIAMANTE BOW BROOCH BLACK COLOUR
90151,SILVER/NATURAL SHELL NECKLACE
90023,FILIGREE DIAMANTE EARRINGS
90147,CHUNKY SILVER NECKLACE PASTEL FLOWE
90014C,SILVER AND BLACK ORBIT NECKLACE
23325,RUSTIC STRAWBERRY JAM POT SMALL
81952V,ROUND PURPLE CLOCK WITH SUCKER
79063D,"RETRO PILL BOX , REVOLUTIONARY"
84247N,PACK/12 BLUE FOLKART CARDS
21644,ASSORTED TUTTI FRUTTI HEART BOX
84508B,STRIPES DESIGN TEDDY
71038,WHITE HANGING BEADS CANDLE HOLDER
21973,SET OF 36 MUSHROOM PAPER DOILIES
16046,TEATIME PEN CASE & PENS
21845,DAIRY MAID STRIPE MUG
22164,STRING OF STARS CARD HOLDER
20748,KENSINGTON COFFEE SET
21211,SET OF 72 SKULL PAPER  DOILIES
21882,SKULLS TAPE
72800D,4 BLUE DINNER CANDLES SILVER FLOCK
72369A,PINK CLEAR GLASS CANDLE PLATE
85106,CUT GLASS HEXAGON T-LIGHT HOLDER
90030A,SPOTTED WHITE NATURAL SEED NECKLACE
75011,BLUE DAISY MOBILE
22912,YELLOW COAT RACK PARIS FASHION
79151B,"SILICON CUBE 25W, BLUE"
78124,MAGAZINE RACK GEBRA ASSORTED
22427,ENAMEL FLOWER JUG CREAM
21291,SMALL POLKADOT CHOCOLATE GIFT BAG
22102,MIRROR MOSAIC T-LIGHT HOLDER
23094,LE GRAND TRAY CHIC SET
23601,SET 10 CARDS SNOWY SNOWDROPS  17100
23609,SET 10 CARDS SNOWY ROBIN 17099
23613,SET 10 XMAS CARDS & BADGES 17070
90074,BLACK DIAMOND CLUSTER NECKLACE
90123D,WHITE HEART OF GLASS BRACELET
90130D,RED STONE/CRYSTAL EARRINGS
90144,SILVER DROP EARRINGS WITH FLOWER
90157,RIVIERA NECKLACE
90205C,LARGE CRYSTAL DIAMANTE HAIRSLIDE
22450,SILK PURSE BABUSHKA BLUE
23159,SET OF 5 PANCAKE DAY MAGNETS
22579,WOODEN TREE CHRISTMAS SCANDINAVIAN
85054,FRENCH ENAMEL POT W LID
21372,MIRRORED WALL ART TABLE LAMP
21746,SMALL RED RETROSPOT WINDMILL
84228,HEN HOUSE WITH CHICK STANDING
22176,amazon
90196A,PURPLE GEMSTONE NECKLACE 45CM
85208,SET/12 FUNKY FELT FLOWER PEG IN BAG
21841,BABY MOUSE RED GINGHAM DRESS
90186B,CRYSTAL HOOP EARRING FLORAL LEAF
90190C,SILVER/AMETHYST DROP EARRINGS LEAF
21814,HEART T-LIGHT HOLDER
22317,FIVE CATS HANGING DECORATION
85014a,BLACK/BLUE POLKADOT UMBRELLA
85179a,GREEN BITTY LIGHT CHAIN
21129,SILVER FISHING GNOME
85135A,YELLOW DRAGONFLY HELICOPTER
85169D,PINK LOVE BIRD CANDLE
47518F,ICON PLACEMAT POP ART ELVIS
21468,BUTTERFLY CROCHET FOOD COVER
23149,ANTIQUE IVORY WIRE BOWL SMALL
85202,HANGING WOOD AND FELT HEART
22265,EASTER DECORATION NATURAL CHICK
22325,MOBILE VINTAGE HEARTS
22181,SNOWSTORM PHOTO FRAME FRIDGE MAGNET
21110,SIN DESCRIPCION
22832,BROCANTE SHELF WITH HOOKS
22870,NUMBER TILE COTTAGE GARDEN 2
47591d,PINK FAIRY CAKE CHILDRENS APRON
22869,NUMBER TILE COTTAGE GARDEN 1
22572,ROCKING HORSE GREEN CHRISTMAS
23623,SET 10 CARD CHRISTMAS WELCOME 17112
84748,FOLK FELT HANGING MULTICOL GARLAND
90180A,BLACK+WHITE NECKLACE W TASSEL
90186A,AMETHYST HOOP EARRING FLORAL LEAF
90199D,5 STRAND GLASS NECKLACE AMBER
21749,LARGE RED RETROSPOT WINDMILL
23125,6PC WOOD PLATE SET DISPOSABLE
23617,SET 10 CARDS SWIRLY XMAS TREE 17104
90003B,ROSE COLOUR PAIR HEART HAIR SLIDES
90003D,CRYSTAL PAIR HEART HAIR SLIDES
90033,IVORY SHELL HEART EARRINGS
90199C,5 STRAND GLASS NECKLACE CRYSTAL
47481,50CM METAL STRING WITH  7 CLIPS
85170B,SET/6 BLACK BIRD T-LIGHT CANDLES
71406C,BLACK ORANGE SQUEEZER
84931A,PINK SCOTTIE DOG W FLOWER PATTERN
23448,CREAM BUNNY EASTER EGG BASKET
23692,WRAP A PRETTY THANK YOU
20819,SILVER TEDDY BEAR
22243,5 HOOK HANGER RED MAGIC TOADSTOOL
21032,SPACE CADET WHITE
22884,NUMBER TILE VINTAGE FONT 5
84086C,PINK/PURPLE RETRO RADIO
21747,SMALL SKULL WINDMILL
35810B,ENAMEL BLUE RIM COFFEE CONTAINER
47503A,SIN DESCRIPCION
15056n,EDWARDIAN PARASOL NATURAL
84795b,SUNSET CHECK HAMMOCK
17012B,ORIGAMI JASMINE INCENSE/CANDLE SET
16254,TRANSPARENT ACRYLIC TAPE DISPENSER
84877B,GREEN ROUND COMPACT MIRROR
84592,CROCHET ROSE PURSE WITH SUEDE BACK
72802C,VANILLA SCENT CANDLE JEWELLED BOX
23630,SET 10 CARDS HANGING BAUBLES 17080
23632,SET 10 CARDS CHEERFUL ROBIN 17065
72130,COLUMBIAN CANDLE ROUND
90011B,BLACK CRYSTAL DROP EARRINGS
90013B,BLACK VINTAGE EARRINGS
90024F,NEW BAROQUE B'FLY NECKLACE CRYSTAL
90141A,GREEN PENDANT TRIPLE SHELL NECKLACE
90152A,SILVER/NAT SHELL NECKLACE W PENDANT
90181A,AMBER GLASS/SHELL/PEARL NECKLACE
21250,SET OF SKULL WALL STICKERS
21251,DINOSAUR HEIGHT CHART STICKER SET
85040a,S/4 PINK FLOWER CANDLES IN BOWL
23476,WOODLAND LARGE RED FELT HEART
23477,WOODLAND LARGE BLUE FELT HEART
21503,TOYBOX  WRAP
35819B,check
84849A,HELLO SAILOR BLUE SOAP HOLDER
22759,check
22947,SIN DESCRIPCION
35598B,BLACK CHRISTMAS TREE 60CM
47341B,BLUE TABLE RUN FLOWER
85185B,PINK HORSE SOCK PUPPET KIT
84712B,PINK JEWELLED PHOTO FRAME
23414,ZINC BOX SIGN HOME
84882,GREEN WIRE STANDING CANDLE HOLDER
85088,CANDY SPOT HAND BAG
85159B,"WHITE TEA,COFFEE,SUGAR JARS"
D,Discount
90179C,BLACK FINE BEAD NECKLACE W TASSEL
20894,HANGING BAUBLE T-LIGHT HOLDER LARGE
23032,DRAWER KNOB CRACKLE GLAZE IVORY
72807C,SET/3 VANILLA SCENTED CANDLE IN BOX
21422,PORCELAIN ROSE SMALL
23549,WRAP BIRD GARDEN
21374,MIRRORED WALL ART SKULLS
22147,FELTCRAFT BUTTERFLY HEARTS
72802A,ROSE SCENT CANDLE IN JEWELLED BOX
21354,TOAST ITS - BEST MUM
23431,NATURAL HANGING QUILTED HEARTS
35923,CANDY HEART HANGING DECORATION
21066,VINTAGE RED MUG
22286,DECORATION WOBBLY RABBIT METAL
22287,DECORATION WOBBLY CHICKEN
21382,SET/4 SPRING FLOWER DECORATION
84926A,WAKE UP COCKEREL TILE COASTER
21465,PINK FLOWER CROCHET FOOD COVER
47585A,PINK FAIRY CAKE CUSHION COVER
23044,PAPER LANTERN 9 POINT HOLLY STAR S
23478,WOODLAND LARGE PINK FELT HEART
84341B,SIN DESCRIPCION
23049,RECYCLED ACAPULCO MAT RED
21464,DISCO BALL ROTATOR BATTERY OPERATED
22831,WHITE BROCANTE SOAP DISH
21793,CLASSIC FRENCH STYLE BASKET BROWN
21972,SET OF 36 DINOSAUR PAPER DOILIES
47369A,PINK GREEN EMBROIDERY COSMETIC BAG
47369B,BLUE GREEN EMBROIDERY COSMETIC BAG
84279P,CHERRY BLOSSOM  DECORATIVE FLASK
90108,BLUE BLOSSOM HAIR CLIP
90143,SILVER BRACELET W PASTEL FLOWER
90204,PAIR OF ENAMEL BUTTERFLY HAIRCLIP
DCGSSBOY,BOYS PARTY BAG
20661,BLUE POLKADOT PURSE
20711,JUMBO BAG TOYS
47422,ASSORTED MONKEY SUCTION CUP HOOK
23073,GEORGIAN TRINKET BOX
21927,BLUE/CREAM STRIPE CUSHION COVER
85114A,BLACK ENCHANTED FOREST PLACEMAT
22886,NUMBER TILE VINTAGE FONT 7
84849D,HOT BATHS SOAP HOLDER
22925,AMAZON
16169M,WRAP DAISY CARPET
22707,WRAP MONSTER FUN
16156L,WRAP CAROUSEL
21199,PINK  HEART CONFETTI IN TUBE
21380,WOODEN HAPPY BIRTHDAY GARLAND
21197,MULTICOLOUR  CONFETTI IN TUBE
23025,DRAWER KNOB VINTAGE GLASS BALL
23027,DRAWER KNOB VINTAGE GLASS HEXAGON
22399,MAGNETS PACK OF 4 CHILDHOOD MEMORY
22826,LOVE SEAT ANTIQUE WHITE METAL
22683,FRENCH BLUE METAL DOOR SIGN 8
23348,CHILDRENS TOY COOKING UTENSIL SET
72586,SET OF 6 HALLOWEEN GHOST T-LIGHTS
71050,SMALL SINGLE FLAME CANDLE HOLDER
85230A,OPIUM SCENTED VOTIVE CANDLE
85230G,ORANGE VOTIVE CANDLE
79403,FROSTED WHITE BASE
22337,ANGEL DECORATION PAINTED ZINC
21062,PARTY INVITES SPACEMAN
84913B,MINT GREEN ROSE TOWEL
84922,PINK BUTTERFLY WASHBAG
37475,SET/4 COLOURFUL MIXING BOWLS
84924A,WAKE UP COCKEREL CALENDAR SIGN
22535,MAGIC DRAWING SLATE BUNNIES
17012A,ORIGAMI VANILLA INCENSE/CANDLE SET
84796A,PINK HAWAIIAN PICNIC HAMPER FOR 2
21205,MULTICOLOUR 3D BALLS GARLAND
23518,EMBROIDERED RIBBON REEL RACHEL
22761,CHEST 7 DRAWER MA CAMPAGNE
47599B,BLUE PARTY BAGS
47599A,PINK PARTY BAGS
79190D,RETRO PLASTIC DAISY TRAY
90125B,AQUA BERTIE GLASS BEAD BAG CHARM
90085,CRYSTAL STILETTO PHONE CHARM
90164A,PINK ROSEBUD PEARL BRACELET
16161U,WRAP SUKI AND FRIENDS
21106,CREAM SLICE FLANNEL CHOCOLATE SPOT
21721,CANDY SHOP  STICKER SHEET
21789,KIDS RAIN MAC PINK
22702,BLACK AND WHITE CAT BOWL
22820,GIFT BAG BIRTHDAY
23625,SET 6 CARDS SPARKLY REINDEER 17262
82613C,"METAL SIGN,CUPCAKE SINGLE HOOK"
90010E,AMBER GLASS/SILVER BRACELET
90036C,"FLOWER GLASS GARLAND NECKL.36""BLUE"
90041,PEARL AND CHERRY QUARTZ BRACLET
90122C,TURQUOISE CRYSTAL+GLASS BRACELET
90133,TEAL/FUSCHIA COL BEAD NECKLACE
90149,SILVER FLOWR PINK SHELL NECKLACE
90176E,DIAMANTE NECKLACE GREEN
90177D,DROP DIAMANTE EARRINGS PURPLE
90199B,5 STRAND GLASS NECKLACE AMETHYST
22677,FRENCH BLUE METAL DOOR SIGN 2
23411,TRELLIS COAT RACK
23471,SIX DRAWER OFFICE TIDY
72225C,SIN DESCRIPCION
21758,SIN DESCRIPCION
21376,LARGE  TALL CAMPHOR WOOD TOADSTOOL
21375,LARGE CAMPHOR WOOD FIELD MUSHROOM
84247E,PACK OF 12 CHRISTMAS FUN CARDS
17191A,ROSE FLOWER CANDLE+INCENSE 16X16CM
21884,CAKES AND BOWS GIFT  TAPE
22416,SET OF 36 SPACEBOY PAPER DOILIES
22148,EASTER CRAFT 4 CHICKS
23010,CIRCUS PARADE BABY GIFT SET
35598D,PINK/WHITE CHRISTMAS TREE 60CM
35599B,BLACK CHRISTMAS TREE 120CM
35599D,PINK AND WHITE CHRISTMAS TREE 120CM
46000U,POLYESTER FILLER PAD 30CMx30CM
84711A,SILVER OVAL SHAPE TRINKET BOX
90198B,VINTAGE ROSE BEAD BRACELET BLACK
90040C,MURANO STYLE GLASS BRACELET GOLD
21937,STRAWBERRY   PICNIC BAG
85194S,HANGING SPRING FLOWER EGG SMALL
21386,IVORY HANGING DECORATION  EGG
20751,FUNKY WASHING UP GLOVES ASSORTED
23456,MEDIUM PARLOUR PICTURE FRAME
23514,EMBROIDERED RIBBON REEL SALLY
23420,PANTRY HOOK TEA STRAINER
23421,PANTRY HOOK SPATULA
23152,IVORY SWEETHEART WIRE LETTER RACK
23102,SILVER HEARTS TABLE DECORATION
23069,EDWARDIAN PHOTO FRAME
21682,LARGE MEDINA STAMPED METAL BOWL
10120,DOGGY RUBBER
47566B,TEA TIME PARTY BUNTING
21761,WOOD AND GLASS MEDICINE CABINET
23433,HANGING QUILTED PATCHWORK APPLES
20655,QUEEN OF SKIES LUGGAGE TAG
21709,FOLDING UMBRELLA CHOCOLATE POLKADOT
21389,IVORY HANGING DECORATION  BIRD
21114,LAVENDER SCENTED FABRIC HEART
16054,POPART RECT PENCIL SHARPENER ASST
21061,PARTY INVITES FOOTBALL
21849,SILVER DIAMANTE PEN IN GIFT BOX
23130,MISTLETOE HEART WREATH GREEN
22729,ALARM CLOCK BAKELIKE ORANGE
22770,MIRROR CORNICE
21279,VINTAGE KITCHEN PRINT FRUITS
47420,ASSORTED COLOUR SUCTION CUP HOOK
20766,GARDEN PATH SKETCHBOOK
84192,ASSORTED COLOUR METAL CAT
84968A,SET OF 16 VINTAGE ROSE CUTLERY
21311,SET/4 BIRD MIRROR MAGNETS
22230,JIGSAW TREE WITH WATERING CAN
85159A,"BLACK TEA,COFFEE,SUGAR JARS"
85183B,CHARLIE & LOLA WASTEPAPER BIN FLORA
22089,PAPER BUNTING VINTAGE PAISLEY
21500,PINK POLKADOT WRAP
22332,SKULLS PARTY BAG + STICKER SET
23039,T-LIGHT HOLDER SILVER HEART HANDLE
22911,PAPER CHAIN KIT LONDON
84876B,found
23492,VINTAGE JINGLE BELLS WREATH
23303,SET 4 PICNIC CUTLERY FONDANT
C2,CARRIAGE
22043,dotcom
21804,dotcom
46775D,SUNSET COLOUR CHUNKY KNITTED THROW
21368,MIRRORED WALL ART LADIES
21369,MIRRORED WALL ART SPLODGES
AMAZONFEE,AMAZON FEE
15056p,EDWARDIAN PARASOL PINK
21426,WOODLAND STORAGE BOX SMALL
21578,WOODLAND DESIGN  COTTON TOTE BAG
22889,NUMBER TILE VINTAGE FONT No
23042,PAPER LANTERN 7 POINT SNOW STAR
23157,SET OF 6 NATIVITY MAGNETS
84510c,SET OF 4 POLKADOT COASTERS
84596f,SMALL MARSHMALLOWS PINK BOWL
22927,GREEN GIANT GARDEN THERMOMETER
84558A,3D DOG PICTURE PLAYING CARDS
21306,SET/4 DAISY MIRROR MAGNETS
85023B,EAU DE NILE JEWELLED PHOTOFRAME
22649,STRAWBERRY FAIRY CAKE TEAPOT
22843,BISCUIT TIN VINTAGE GREEN
84509c,SET OF 4 POLKADOT PLACEMATS
84993a,75 GREEN PETIT FOUR CASES
85114c,RED ENCHANTED FOREST PLACEMAT
21112,SWISS ROLL TOWEL PINK  SPOTS
21821,GLITTER STAR GARLAND WITH BELLS
21888,BINGO SET
21270,ANTIQUE CREAM CUTLERY CUPBOARD
23409,PHOTO FRAME LINEN AND LACE LARGE
16045,POPART WOODEN PENCILS ASST
22537,MAGIC DRAWING SLATE DINOSAUR
22152,PLACE SETTING WHITE STAR
84859C,PINK DISCO HANDBAG
22229,BUNNY WOODEN PAINTED WITH FLOWER
23226,FILIGREE HEART DAISY WHITE
17084R,ASSORTED INCENSE PACK
84827,ASS DES PHONE SPONGE CRAFT STICKER
22538,MINI JIGSAW GO TO THE FAIR
85024B,EAU DE NILE JEWELLED PHOTOFRAME
37489D,PINK/GREEN FLOWER DESIGN BIG MUG
17021,NAMASTE SWAGAT INCENSE
85020,ROUND PINK HEART MIRROR
23146,TRIPLE HOOK ANTIQUE IVORY ROSE
23023,RIDGED BONNE JAM JAR T-LIGHT HOLDER
35818P,"ACRYLIC JEWEL ICICLE, PINK"
84360,TABLE LAMP WHITE SHADE WOOD BASE
21694,SMALL REGAL  SILVER CANDLEPOT
22497,SET OF 2 TINS VINTAGE BATHROOM
21636,MADRAS NOTEBOOK MEDIUM
84406B,CREAM CUPID HEARTS COAT HANGER
23460,SWEETHEART WALL TIDY
23116,VEGETABLE GARDEN CHOPPING BOARD
84987,SET OF 36 TEATIME PAPER DOILIES
22882,NUMBER TILE VINTAGE FONT 3
22887,NUMBER TILE VINTAGE FONT 8
84989A,75 GREEN FAIRY CAKE CASES
23022,SMALL BONNE JAM JAR  T-LIGHT HOLDER
16012,FOOD/DRINK SPONGE STICKERS
85183A,CHARLIE & LOLA WASTEPAPER BIN BLUE
22284,HEN HOUSE DECORATION
23470,CARD HOLDER LOVE BIRD LARGE
90214M,"LETTER ""M"" BLING KEY RING"
90214B,"LETTER ""B"" BLING KEY RING"
90214T,"LETTER ""T"" BLING KEY RING"
90214U,"LETTER ""U"" BLING KEY RING"
90214V,"LETTER ""V"" BLING KEY RING"
90214W,"LETTER ""W"" BLING KEY RING"
90214Z,"LETTER ""Z"" BLING KEY RING"
22050,PINK PAISLEY ROSE GIFT WRAP
22048,BIRTHDAY BANQUET GIFT WRAP
17107D,FLOWER FAIRY 5 DRAWER LINERS
22267,EASTER DECORATION EGG BUNNY
85203,HANGING WOOD AND FELT BUTTERFLY
22575,METAL MERRY CHRISTMAS WREATH
15044D,RED PAPER PARASOL
22812,PACK 3 BOXES CHRISTMAS PANETTONE
84609,TALL ROCOCO CANDLE HOLDER
21820,GLITTER HEART GARLAND WITH BELLS
21683,MEDIUM MEDINA STAMPED METAL BOWL
23520,EMBROIDERED RIBBON REEL RUBY
23516,EMBROIDERED RIBBON REEL SOPHIE
23327,HANGING CLEAR MINI BOTTLE
23046,PAPER LANTERN 9 POINT DELUXE STAR
20802,SMALL GLASS SUNDAE DISH CLEAR
22504,CABIN BAG VINTAGE RETROSPOT
22047,EMPIRE GIFT WRAP
37413,ICON MUG REVOLUTIONARY
20653,CHERRY BLOSSOM LUGGAGE TAG
20707,CRAZY DAISY HEART DECORATION
20765,CHRYSANTHEMUM SKETCHBOOK
21293,MIRRORED DOVE WALL DECORATION
21367,MIRRORED WALL ART GENTS
21868,POTTING SHED TEA MUG
23038,T-LIGHT HOLDER SILVER SAUCER
84673B,BLUE FLY SWAT
85095,THREE CANVAS LUGGAGE TAGS
85129B,BEADED CRYSTAL HEART GREEN SMALL
85129D,BEADED CRYSTAL HEART PINK SMALL
85180A,RED HEARTS LIGHT CHAIN
15044A,PINK PAPER PARASOL
CRUK,CRUK Commission
21060,PARTY INVITES BALLOON GIRL
21116,OWL DOORSTOP
21147,JINGLE BELLS TREE DECORATION
21207,SKULL AND CROSSBONES  GARLAND
21676,FLOWERS  STICKERS
21851,LILAC DIAMANTE PEN IN GIFT BOX
22248,DECORATION  PINK CHICK MAGIC GARDEN
22285,HANGING HEN ON NEST DECORATION
22681,FRENCH BLUE METAL DOOR SIGN 6
23129,HEART SHAPED HOLLY WREATH
23282,FOLDING BUTTERFLY MIRROR IVORY
23306,SET OF 36 PANTRY PAPER DOILIES
23539,WALL ART LOVES' SECRET
35971,ROSE FOLKART HEART DECORATIONS
84509C,SET OF 4 POLKADOT PLACEMATS
84510C,SET OF 4 POLKADOT COASTERS
84912B,GREEN ROSE WASHBAG
85163B,BLACK BAROQUE WALL CLOCK
90019A,SILVER M.O.P ORBIT BRACELET
90024B,NEW BAROQUE B'FLY NECKLACE RED
90039A,FIRE POLISHED GLASS BRACELET RED
90059B,DIAMANTE HAIR GRIP PACK/2 BLACK DIA
90071,RUBY GLASS CLUSTER EARRINGS
90163B,WHITE ROSEBUD & PEARL NECKLACE
90164B,WHITE  ROSEBUD PEARL BRACELET
90179B,PURPLE FINE BEAD NECKLACE W TASSEL
90183B,AMETHYST DROP EARRINGS W LONG BEADS
17129F,BLUE GLASS GEMS IN BAG
20619,TROPICAL PASSPORT COVER
20622,VIP PASSPORT COVER
20775,DAISY NOTEBOOK
20795,LARGE BLUE PROVENCAL CERAMIC BALL
20838,FRENCH LATTICE CUSHION COVER
21520,BOOZE & WOMEN GREETING CARD
21708,FOLDING UMBRELLA CREAM POLKADOT
21719,LOVELY BONBON STICKER SHEET
21723,ALPHABET HEARTS STICKER SHEET
22120,WELCOME  WOODEN BLOCK LETTERS
22318,FIVE HEART HANGING DECORATION
22349,DOG BOWL CHASING BALL DESIGN
22559,SEASIDE FLYING DISC
22842,BISCUIT TIN VINTAGE RED
22883,NUMBER TILE VINTAGE FONT 4
22913,RED COAT RACK PARIS FASHION
22933,BAKING MOULD EASTER EGG MILK CHOC
23043,PAPER LANTERN 9 POINT HOLLY STAR L
23138,SINGLE WIRE HOOK IVORY HEART
23150,IVORY SWEETHEART SOAP DISH
23324,RUSTIC STRAWBERRY JAM POT LARGE
23513,EMBROIDERED RIBBON REEL SUSIE
37462E,"PET MUG, GOLDFISH"
47567B,TEA TIME KITCHEN APRON
84569A,PACK 3 IRON ON DOG PATCHES
84931B,BLUE SCOTTIE DOG W FLOWER PATTERN
84951A,SET OF 4 PISTACHIO LOVEBIRD COASTER
90103,PURPLE FRANGIPANI NECKLACE
90118,PINK DAISY BAG CHARM
90184B,AMETHYST CHUNKY BEAD BRACELET W STR
90211A,DIAMOND LAS VEGAS NECKLACE 45CM
22810,SET OF 6 T-LIGHTS SNOWMEN
20699,MOUSEY LONG LEGS SOFT TOY
84674,FLYING PIG WATERING CAN
90094,NECKLACE+BRACELET SET FRUIT SALAD
85096,HILDA CANDY SPOT RABBIT
21707,FOLDING UMBRELLA BLACKBLUE POLKADOT
21896,POTTING SHED TWINE
47591B,SIN DESCRIPCION
22100,SKULLS SQUARE TISSUE BOX
22939,ADULT APRON APPLE DELIGHT
21063,PARTY INVITES JAZZ HEARTS
22288,HANGING METAL RABBIT DECORATION
21244,BLUE POLKADOT PLATE
21317,GLASS SPHERE CANDLE STAND MEDIUM
84679,CLASSICAL ROSE TABLE LAMP
84806B,WHITE CANDYSTUFT ARTIFICIAL FLOWER
84804A,CREAM DELPHINIUM ARTIFICIAL FLOWER
84805A,CREAM CLIMBING HYDRANGA ART FLOWER
90195A,PURPLE GEMSTONE BRACELET
22042,CHRISTMAS CARD SINGING ANGEL
21788,KIDS RAIN MAC BLUE
21666,RIDGED GLASS T-LIGHT HOLDER
23036,T-LIGHT HOLDER SILVER PETIT FOUR
23021,GLASS BONNE JAM JAR
22710,WRAP I LOVE LONDON
23481,PEARLISED IVORY HEART SMALL
23068,ALUMINIUM STAMPED HEART
21381,MINI WOODEN HAPPY BIRTHDAY GARLAND
84199,GLOW IN DARK DOLPHINS
84051,ASS COLOUR GLOWING TIARAS
22440,BALLOON WATER BOMB PACK OF 35
90099,NECKLACE+BRACELET SET BLUE HIBISCUS
23305,SET 4 PICNIC CUTLERY BLUEBERRY
23304,SET 4 PICNIC CUTLERY CHERRY
22408,MONEY BOX CONFECTIONERY DESIGN
84926E,FLOWERS TILE COASTER
84510E,SET OF 4 GREEN CAROUSEL COASTERS
23544,WALL ART MID CENTURY MODERN
79149B,SILICON STAR BULB  BLUE
85071D,CHARLIE+LOLA MY ROOM DOOR SIGN
85071A,BLUE CHARLIE+LOLA PERSONAL DOORSIGN
22038,BOTANICAL LAVENDER GIFT WRAP
20763,DAISY SKETCHBOOK
22705,WRAP GREEN PEARS
22863,SOAP DISH BROCANTE
20705,MRS ROBOT SOFT TOY
21579,LOLITA  DESIGN  COTTON TOTE BAG
15030,FAN BLACK FRAME
20867,PINK ROSE FABRIC MIRROR
23121,PACK OF 6 COCKTAIL PARASOL STRAWS
21261,GREEN GOOSE FEATHER CHRISTMAS TREE
85136A,YELLOW SHARK HELICOPTER
22306,SILVER MUG BONE CHINA TREE OF LIFE
21287,SCENTED VELVET LOUNGE CANDLE
22799,SWEETHEART WIRE FRUIT BOWL
23540,WALL ART THE MAGIC FOREST
79157B,UBO-LIGHT TRIOBASE BLUE
23016,GLASS TWIST BON BON JAR
85014A,BLACK/BLUE POLKADOT UMBRELLA
21689,SILVER VANILLA  FLOWER CANDLE POT
23136,IVORY WIRE SWEETHEART LETTER TRAY
21850,BLUE  DIAMANTE PEN IN GIFT BOX
22448,PIN CUSHION BABUSHKA RED
21039,RED RETROSPOT SHOPPING BAG
22359,GLASS JAR KINGS CHOICE
22409,MONEY BOX BISCUITS DESIGN
20771,CHRYSANTHEMUM  JOURNAL
20762,GREEN FERN SKETCHBOOK
21264,WHITE GOOSE FEATHER TREE 60CM
22262,FELT EGG COSY CHICKEN
84658,WHITE STITCHED CUSHION COVER
22517,CHILDS GARDEN RAKE PINK
21621,VINTAGE UNION JACK BUNTING
84086B,YELLOW/BLUE RETRO RADIO
23185,FRENCH STYLE STORAGE JAR JAM
84661C,PINK SQUARE TABLE CLOCK
22512,DOORSTOP RACING CAR DESIGN
22128,PARTY CONES CANDY ASSORTED
21086,SET/6 RED SPOTTY PAPER CUPS
22214,CANDLE PLATE LACE WHITE
22452,MEASURING TAPE BABUSHKA PINK
23117,POPPY FIELDS CHOPPING BOARD
20735,BLACK MINI TAPE MEASURE
75178,ASSTD COL BUTTERFLY/CRYSTAL W/CHIME
15044C,PURPLE PAPER PARASOL
21988,PACK OF 6 SKULL PAPER PLATES
22316,200 BENDY SKULL STRAWS
21131,GOLD STANDING GNOME
22515,CHILDS GARDEN SPADE PINK
82613B,"METAL SIGN,CUPCAKE SINGLE HOOK"
82613D,METAL SIGN CUPCAKE SINGLE HOOK
21844,RED RETROSPOT MUG
21428,SET3 BOOK BOX GREEN GINGHAM FLOWER
20767,BLUE PAISLEY JOURNAL
23432,PRETTY HANGING QUILTED HEARTS
90058B,CRYSTAL STUD EARRINGS ASSORTED COL
90058A,CRYSTAL STUD EARRINGS CLEAR DISPLAY
21292,SMALL STRIPES CHOCOLATE GIFT BAG
84813,SET OF 4 DIAMOND NAPKIN RINGS
23217,LAUREL HEART ANTIQUE SILVER
23482,PEARLISED IVORY HEART LARGE
22682,FRENCH BLUE METAL DOOR SIGN 7
85230B,CINNAMON SCENTED VOTIVE CANDLE
23547,WRAP FLOWER SHOP
20768,GREEN FERN JOURNAL
20769,DAISY JOURNAL
84212,"ASSORTED FLOWER COLOUR ""LEIS"""
20618,QUEEN OF THE SKIES PASSPORT COVER
22093,MOTORING TISSUE BOX
22066,LOVE HEART TRINKET POT
84536B,FAIRY CAKES NOTEBOOK A7 SIZE
84875B,GREEN SQUARE COMPACT MIRROR
84884A,ANT WHITE WIRE HEART SPIRAL
84915,HAND TOWEL PINK FLOWER AND DAISY
84952B,BLACK LOVE BIRD T-LIGHT HOLDER
84969,BOX OF 6 ASSORTED COLOUR TEASPOONS
85172,HYACINTH BULB T-LIGHT CANDLES
90037B,TINY CRYSTAL BRACELET GREEN
90037C,TINY CRYSTAL BRACELET BLUE
90039D,FIRE POLISHED GLASS BRACELET GREEN
90056,CHUNKY CRACKED GLAZE NECKLACE IVORY
90160A,PURPLE BOUDICCA LARGE BRACELET
90180B,PURPLE AMETHYST NECKLACE W TASSEL
90182A,AMBER 3 BEAD DROP EARRINGS
90197B,BLACK GLASS BRACELET W HEART CHARMS
90214J,"LETTER ""J"" BLING KEY RING"
90214O,"LETTER ""O"" BLING KEY RING"
11001,ASSTD DESIGN RACING CAR PEN
20794,BLUE  TILE HOOK
21025,SPACE FROG
21107,CREAM SLICE FLANNEL PINK SPOT
21555,CERAMIC STRAWBERRY TRINKET TRAY
21713,CITRONELLA CANDLE FLOWERPOT
22223,CAKE PLATE LOVEBIRD PINK
22354,RETROSPOT PADDED SEAT CUSHION
22541,MINI JIGSAW LEAP FROG
22949,SET OF 36 DOLLY GIRL PAPER DOILIES
23070,EDWARDIAN HEART PHOTO FRAME
23373,VINTAGE CHRISTMAS PAPER GIFT BAG
23517,EMBROIDERED RIBBON REEL REBECCA
23541,WALL ART CLASSIC PUDDINGS
23615,SET 10 CARDS PRINTED GRAPHIC 17219
23634,SET 10 CARDS XMAS CHOIR 17068
47590A,BLUE HAPPY BIRTHDAY BUNTING
85107,CUT GLASS T-LIGHT HOLDER OCTAGON
62018,SOMBRERO
22311,OFFICE MUG WARMER BLACK+SILVER
21425,SKULLS STORAGE BOX LARGE
21427,SKULLS STORAGE BOX SMALL
90093,CLEAR CRYSTAL STAR PHONE CHARM
90214Y,"LETTER ""Y"" BLING KEY RING"
22117,METAL SIGN HER DINNER IS SERVED
48188,DOORMAT WELCOME PUPPIES
85180B,PINK HEARTS LIGHT CHAIN
20956,PORCELAIN T-LIGHT HOLDERS ASSORTED
21263,GREEN GOOSE FEATHER TREE 60CM
84926F,PSYCHEDELIC TILE COASTER
21925,UNION STRIPE CUSHION COVER
37446,MINI CAKE STAND WITH HANGING CAKES
22797,CHEST OF DRAWERS GINGHAM HEART
85225,BLING KEY RING STAND
23186,FRENCH STYLE STORAGE JAR CAFE
21469,POLKA DOT RAFFIA FOOD COVER
21537,RED RETROSPOT PUDDING BOWL
22937,BAKING MOULD CHOCOLATE CUPCAKES
20846,ZINC HEART LATTICE T-LIGHT HOLDER
22407,MONEY BOX FIRST AID DESIGN
84926D,LA PALMIERA TILE COASTER
79051A,SMOKEY GREY COLOUR GLASS
84927F,PSYCHEDELIC TILE HOOK
21463,MIRRORED DISCO BALL
21245,GREEN POLKADOT PLATE
22706,WRAP COWBOYS
23574,PACKING CHARGE
21165,BEWARE OF THE CAT METAL SIGN
21706,FOLDING UMBRELLA RED/WHITE POLKADOT
21948,SET OF 6 CAKE CHOPSTICKS
22499,WOODEN UNION JACK BUNTING
23045,PAPER LANTERN 5 POINT STAR MOON
72801c,4 ROSE PINK DINNER CANDLES
84884a,ANT WHITE WIRE HEART SPIRAL
84970l,SINGLE HEART ZINC T-LIGHT HOLDER
22762,CUPBOARD 3 DRAWER MA CAMPAGNE
21196,ROUND WHITE CONFETTI IN TUBE
21198,WHITE HEART CONFETTI IN TUBE
21534,DAIRY MAID LARGE MILK JUG
23058,CHRISTMAS HANGING SNOWFLAKE
22774,RED DRAWER KNOB ACRYLIC EDWARDIAN
23026,DRAWER KNOB VINTAGE GLASS STAR
22782,SET 3 WICKER STORAGE BASKETS
21745,GAOLERS KEYS DECORATIVE GARDEN
16161P,WRAP ENGLISH ROSE
23137,ZINC WIRE SWEETHEART LETTER TRAY
22689,SIN DESCRIPCION
23078,ICE CREAM PEN LIP GLOSS
22403,MAGNETS PACK OF 4 VINTAGE LABELS
22696,WICKER WREATH LARGE
23342,MINT DINER WALL CLOCK
22802,FAUX FUR CHOCOLATE THROW
21630,FLOOR CUSHION ELEPHANT CARNIVAL
20761,BLUE PAISLEY SKETCHBOOK
21584,RETROSPOT SMALL TUBE MATCHES
20755,BLUE PAISLEY POCKET BOOK
23408,PHOTO FRAME LINEN AND LACE SMALL
85034C,3 ROSE MORRIS BOXED CANDLES
47503H,ASS FLORAL PRINT SPIRIT LEVEL
21204,DAISIES  HONEYCOMB GARLAND
21084,SET/6 COLLAGE PAPER CUPS
21090,SET/6 COLLAGE PAPER PLATES
16011,ANIMAL STICKERS
16216,LETTER SHAPE PENCIL SHARPENER
72799C,PINK PILLAR CANDLE SILVER FLOCK
BANK CHARGES,Bank Charges
22731,3D CHRISTMAS STAMPS STICKERS
22436,12 COLOURED PARTY BALLOONS
22333,RETROSPOT PARTY BAG + STICKER SET
22334,DINOSAUR PARTY BAG + STICKER SET
22660,DOORMAT I LOVE LONDON
22773,GREEN DRAWER KNOB ACRYLIC EDWARDIAN
21340,CLASSIC METAL BIRDCAGE PLANT HOLDER
23491,VINTAGE JINGLE BELLS HEART
22266,EASTER DECORATION HANGING BUNNY
22610,PENS ASSORTED FUNNY FACE
84509E,SET OF 4 CAROUSEL PLACEMATS
85212,MINI PAINTED GARDEN DECORATION
23060,HEART BEADED TRELLIS DECORATION
84711B,PINK OVAL SHAPE TRINKET BOX
84708B,PINK JEWELLED PHOTO FRAME
22281,EASTER TREE YELLOW BIRDS
23442,12 HANGING EGGS HAND PAINTED
23067,HANGING ENGRAVED METAL HEART
21455,PAINTED YELLOW WOODEN DAISY
23441,HAND PAINTED HANGING EASTER EGG
22623,BOX OF VINTAGE JIGSAW BLOCKS
84826,ASSTD DESIGN 3D PAPER STICKERS
21726,MULTI HEARTS  STICKERS
22400,MAGNETS PACK OF 4 HOME SWEET HOME
22435,SET OF 9 HEART SHAPED BALLOONS
23104,IVORY CAFE HANGING LAMP
90129C,GREEN GLASS TASSLE BAG CHARM
90129B,TURQUOISE GLASS TASSLE BAG CHARM
90129F,RED GLASS TASSLE BAG CHARM
21504,SKULLS GREETING CARD
21700,BIG DOUGHNUT FRIDGE MAGNETS
22568,FELTCRAFT CUSHION OWL
23249,VINTAGE RED ENAMEL TRIM PLATE
22732,3D VINTAGE CHRISTMAS STICKERS
21679,SKULLS  STICKERS
23502,PLAYING CARDS VINTAGE DOILY
20759,CHRYSANTHEMUM POCKET BOOK
20758,ABSTRACT CIRCLES POCKET BOOK
72351B,SET/6 PINK  BUTTERFLY T-LIGHTS
23472,NINE DRAWER OFFICE TIDY
21418,STARFISH SOAP DISH
23333,IVORY WICKER HEART MEDIUM
85130B,BEADED CRYSTAL HEART GREEN LARGE
85130D,BEADED CRYSTAL HEART PINK LARGE
85130C,BEADED CRYSTAL HEART BLUE  LARGE
22082,RIBBON REEL STRIPES DESIGN
22079,RIBBON REEL HEARTS DESIGN
22232,JIGSAW TOADSTOOLS 3 PIECE
22233,JIGSAW RABBIT AND BIRDHOUSE
23099,FRENCH CARRIAGE LANTERN
21622,VINTAGE UNION JACK CUSHION COVER
22786,CUSHION COVER PINK UNION JACK
46000R,POLYESTER FILLER PAD 45x30cm
20781,GOLD EAR MUFF HEADPHONES
85062,PEARL CRYSTAL PUMPKIN T-LIGHT HLDR
37449,CERAMIC CAKE STAND + HANGING CAKES
23691,WRAP KEEP CALM BIRTHDAY
23139,SINGLE WIRE HOOK PINK HEART
84968E,SET OF 16 VINTAGE BLACK CUTLERY
21456,2 PICTURE BOOK EGGS EASTER CHICKS
22967,SET 3 SONG BIRD PAPER EGGS ASSORTED
22254,FELT TOADSTOOL LARGE
22255,FELT TOADSTOOL  SMALL
23031,DRAWER KNOB CRACKLE GLAZE PINK
22635,CHILDS BREAKFAST SET DOLLY GIRL
22981,PANTRY APPLE CORER
85204,HANGING WOOD AND FELT FLOWER
75049L,LARGE CIRCULAR MIRROR MOBILE
44235,ASSORTED COLOURED CIRCLE MOBILE
21915,RED  HARMONICA IN BOX
21625,VINTAGE UNION JACK APRON
22641,SET OF 4 NAPKIN CHARMS INSTRUMENT
90214F,"LETTER ""F"" BLING KEY RING"
90214G,"LETTER ""G"" BLING KEY RING"
21366,MIRRORED WALL ART PHOTO FRAMES
21373,MIRRORED WALL ART SNOWFLAKES
22973,CHILDREN'S CIRCUS PARADE MUG
23446,BLUE BUNNY EASTER EGG BASKET
23440,PAINT YOUR OWN EGGS IN CRATE
84805B,BLUE CLIMBING HYDRANGA ART FLOWER
84804B,BLUE DELPHINIUM ARTIFICIAL FLOWER
84806A,PINK CANDYSTUFT ARTIFICIAL FLOWER
23447,PINK BUNNY EASTER EGG BASKET
23154,SET OF 4 JAM JAR MAGNETS
23079,TOADSTOOL BEDSIDE LIGHT
23473,WOODLAND SMALL RED FELT HEART
23475,WOODLAND SMALL PINK FELT HEART
23580,SNACK TRAY HAPPY FOREST
84625A,PINK NEW BAROQUECANDLESTICK CANDLE
21265,PINK GOOSE FEATHER TREE 60CM
21128,GOLD FISHING GNOME
21907,I'M ON HOLIDAY METAL SIGN
21420,OYSTER TRINKET BOX
21698,MOCK LOBSTER FRIDGE MAGNET
84801A,check
21370,MIRRORED WALL ART FOXY
22269,EGG CUP NATURAL CHICKEN
84880,WHITE WIRE EGG HOLDER
21730,GLASS STAR FROSTED T-LIGHT HOLDER
21818,GLITTER HEART DECORATION
90214H,"LETTER ""H"" BLING KEY RING"
90081C,LILY BROOCH OLIVE COLOUR
90082B,DIAMANTE BOW BROOCH RED COLOUR
90081A,LILY BROOCH AMETHYST COLOUR
90073,VINTAGE ENAMEL & CRYSTAL EARRINGS
22305,COFFEE MUG PINK PAISLEY DESIGN
22718,CARD CAT AND TREE
84843,WHITE SOAP RACK WITH 2 BOTTLES
21883,STARS GIFT TAPE
21880,RED RETROSPOT TAPE
22851,SET 20 NAPKINS FAIRY CAKES DESIGN
35001G,HAND OPEN SHAPE GOLD
35004G,SET OF 3 GOLD FLYING DUCKS
23461,SWEETHEART BIRD HOUSE
84581,SIN DESCRIPCION
84508C,check
23406,SIN DESCRIPCION
85104,????damages????
20893,damages
21693,mixed up
21688,mixed up
20682,RED RETROSPOT CHILDRENS UMBRELLA
20764,ABSTRACT CIRCLES SKETCHBOOK
21001,ROSE DU SUD WASHBAG
21094,SET/6 RED SPOTTY PAPER PLATES
21096,SET/6 FRUIT SALAD  PAPER PLATES
21215,IVORY PAPER CUP CAKE CASES
21219,SET/4 BADGES BALLOON GIRL
21221,SET/4 BADGES CUTE CREATURES
21249,WOODLAND  HEIGHT CHART STICKERS
21358,TOAST ITS - HAPPY BIRTHDAY
21390,FILIGRIS HEART WITH BUTTERFLY
21454,PAINTED PINK RABBIT
21470,FLOWER VINE RAFFIA FOOD COVER
21580,RABBIT  DESIGN  COTTON TOTE BAG
21722,SWEET PUDDING STICKER SHEET
21943,CAKES AND RABBITS DESIGN FLANNEL
21946,PARTY TIME DESIGN FLANNEL
22023,EMPIRE BIRTHDAY CARD
22105,MIRROR MOSAIC GOBLET CANDLE HOLDER
22249,DECORATION WHITE CHICK MAGIC GARDEN
22263,FELT EGG COSY LADYBIRD
22274,FELTCRAFT DOLL EMILY
22296,HEART IVORY TRELLIS LARGE
22315,200 RED + WHITE BENDY STRAWS
22639,SET OF 4 NAPKIN CHARMS HEARTS
22640,SET OF 4 NAPKIN CHARMS 3 KEYS
22771,CLEAR DRAWER KNOB ACRYLIC EDWARDIAN
22872,NUMBER TILE COTTAGE GARDEN 4
22875,NUMBER TILE COTTAGE GARDEN 7
23017,APOTHECARY MEASURING JAR
23061,VINTAGE EMBOSSED HEART
23160,REGENCY TEA SPOON
23164,REGENCY CAKE SLICE
23216,LAUREL HEART ANTIQUE GOLD
23218,LAUREL STAR ANTIQUE GOLD
23219,LAUREL STAR ANTIQUE SILVER
23289,DOLLY GIRL CHILDRENS BOWL
23419,HOME SWEET HOME BOTTLE
23422,PANTRY HOOK BALLOON WHISK
23423,PANTRY 3 HOOK ROLLING PIN HANGER
23436,VINTAGE CHRISTMAS GIFT BAG LARGE
23529,WALL ART DOLLY GIRL
23645,SET 10 CHRISTMAS CARDS HOHOHO 16956
48173C,DOORMAT BLACK FLOCK
72133,COLUMBIAN CANDLE RECTANGLE
72134,COLUMBIAN  CUBE CANDLE
82001S,SILVER RECORD COVER FRAME
82616B,FRAPPUCINO SCARF KNITTING KIT
82616C,MIDNIGHT GLAMOUR SCARF KNITTING KIT
84078A,SET/4 WHITE RETRO STORAGE CUBES
84968D,SET OF 16 VINTAGE RED CUTLERY
85129C,BEADED CRYSTAL HEART BLUE SMALL
90054,CRACKED GLAZE EARRINGS RED
90082A,DIAMANTE BOW BROOCH GREEN COLOUR
90146,FINE SILVER NECKLACE W PASTEL FLOWE
90158,ST TROPEZ NECKLACE
90182B,AMETHYST 3 BEAD DROP EARRINGS
gift_0001_10,Dotcomgiftshop Gift Voucher £10.00
22609,PENS ASSORTED SPACEBALL
22680,FRENCH BLUE METAL DOOR SIGN 5
22687,DOORMAT CHRISTMAS VILLAGE
22772,PINK DRAWER KNOB ACRYLIC EDWARDIAN
22839,3 TIER CAKE TIN GREEN AND CREAM
22944,CHRISTMAS METAL POSTCARD WITH BELLS
22945,CHRISTMAS METAL TAGS ASSORTED
22974,CHILDRENS DOLLY GIRL MUG
23086,ZINC  STAR T-LIGHT HOLDER
23087,ZINC  HEART T-LIGHT HOLDER
23113,PANTRY CHOPPING BOARD
23115,RED APPLES CHOPPING BOARD
23119,PACK OF 6 LARGE FRUIT STRAWS
23120,PACK OF 6 SMALL FRUIT STRAWS
23161,REGENCY CAKE FORK
23162,REGENCY TEA STRAINER
23242,TREASURE TIN BUFFALO BILL
23271,CHRISTMAS TABLE SILVER CANDLE SPIKE
23286,BLUE VINTAGE SPOT BEAKER
23288,GREEN VINTAGE SPOT BEAKER
23402,HOME SWEET HOME 3 PEG HANGER
23465,TUSCAN VILLA BIRD FEEDER
10135,COLOURING PENCILS BROWN TUBE
15034,PAPER POCKET TRAVELING FAN
16048,TEATIME ROUND PENCIL SHARPENER
20828,GLITTER BUTTERFLY CLIPS
20997,ROSE DU SUD CUSHION COVER
21003,ROSE DU SUD CUSHION COVER
21056,DOCTOR'S BAG SOFT TOY
21058,PARTY INVITES WOODLAND
21059,PARTY INVITES DINOSAURS
21191,LARGE WHITE HONEYCOMB PAPER BELL
21288,STRIPEY CHOCOLATE NESTING BOXES
21289,LARGE STRIPES CHOCOLATE GIFT BAG
21377,SMALL CAMPHOR WOOD FIELD  MUSHROOM
21385,IVORY HANGING DECORATION  HEART
21695,SMALL SILVER FLOWER CANDLE POT
21913,VINTAGE SEASIDE JIGSAW PUZZLES
21922,UNION STRIPE WITH FRINGE  HAMMOCK
22133,PINK LOVE HEART SHAPE CUP
22312,OFFICE MUG WARMER POLKADOT
22335,HEART DECORATION PAINTED ZINC
22376,AIRLINE BAG VINTAGE JET SET WHITE
22377,BOTTLE BAG RETROSPOT
22428,ENAMEL FIRE BUCKET CREAM
22494,EMERGENCY FIRST AID TIN
22523,CHILDS GARDEN FORK PINK
23603,SET 10 CARD KRAFT REINDEER 17084
23614,SET 10 CARDS 12 DAYS WRAP  17058
23626,SET 10 CARDS DINKY TREE 17076
23637,SET 10 CARDS OUT OF ORDER 17216
23640,SET 10 CARDS SCOTTIE DOG 17211
23650,SET 10 CARDS FILIGREE BAUBLE 16961
35649,VINTAGE BEAD COSMETIC BAG
35924,HANGING FAIRY CAKE DECORATION
37447,CERAMIC CAKE DESIGN SPOTTED PLATE
47471,RAINBOW PEGS PHOTO CLIP STRING
47578A,ENGLISH ROSE SMALL SCENTED FLOWER
47593B,SCOTTIE DOGS BABY BIB
79144B,PAINTED LIGHTBULB STAR+ MOON
79144C,PAINTED LIGHTBULB RAINBOW DESIGN
79406,FROSTED WHITE BASE
82578,KITCHEN METAL SIGN
84535B,FAIRY CAKES NOTEBOOK A6 SIZE
84580,MOUSE TOY WITH PINK T-SHIRT
84661A,WHITE SQUARE TABLE CLOCK
84661B,BLACK SQUARE TABLE CLOCK
84950,ASSORTED COLOUR T-LIGHT HOLDER
85025B,EAU DE NILE HEART SHAPE PHOTO FRAME
85039C,S/4 BLACK MINI ROSE CANDLE IN BOWL
85169B,BLACK LOVE BIRD CANDLE
85232D,SET/3 DECOUPAGE STACKING TINS
90016C,SILVER/BLACK PENDANT ORBIT NECKLACE
90019C,SILVER BLACK ORBIT BRACELET
90039C,FIRE POLISHED GLASS BRACELET BLACK
90083,CRYSTAL CZECH CROSS PHONE CHARM
90101,WHITE FRANGIPANI NECKLACE
90160C,TURQ+RED BOUDICCA LARGE BRACELET
90161A,ANT COPPER RED BOUDICCA BRACELET
90161B,ANT COPPER TURQ BOUDICCA BRACELET
90161C,ANT COPPER LIME BOUDICCA BRACELET
90166,PINK & WHITE ROSEBUD RING
90179A,AMBER FINE BEAD NECKLACE W TASSEL
90187B,GREEN DROP EARRINGS W BEAD CLUSTER
90200B,BLACK SWEETHEART BRACELET
90200D,PINK SWEETHEART BRACELET
90200E,GREEN SWEETHEART BRACELET
90206A,GOLD DIAMANTE STAR BROOCH
16258A,SWIRLY CIRCULAR RUBBERS IN BAG
85071B,RED CHARLIE+LOLA PERSONAL DOORSIGN
21051,RIBBONS PURSE
23090,missing
79191C,RETRO PLASTIC ELEPHANT TRAY
22090,PAPER BUNTING RETROSPOT
22046,TEA PARTY  WRAPPING PAPER
22708,WRAP DOLLY GIRL
22846,BREAD BIN DINER STYLE RED
72817,SIN DESCRIPCION
22063,CERAMIC BOWL WITH STRAWBERRY DESIGN
23509,MINI PLAYING CARDS FUN FAIR
21135,VICTORIAN  METAL POSTCARD SPRING
21042,RED RETROSPOT APRON
21581,SKULLS  DESIGN  COTTON TOTE BAG
21773,DECORATIVE ROSE BATHROOM BOTTLE
21881,CUTE CATS TAPE
21974,SET OF 36 PAISLEY FLOWER DOILIES
22131,FOOD CONTAINER SET 3 LOVE HEART
22136,LOVE HEART SOCK HANGER
22166,WALL MIRROR RECTANGLE DIAMANTE PINK
22297,HEART IVORY TRELLIS SMALL
22341,LOVE GARLAND PAINTED ZINC
22414,DOORMAT NEIGHBOURHOOD WITCH
22425,ENAMEL COLANDER CREAM
22468,BABUSHKA LIGHTS STRING OF 10
23474,WOODLAND SMALL BLUE FELT HEART
37340,MULTICOLOUR SPRING FLOWER MUG
47559b,TEA TIME OVEN GLOVE
47591b,SCOTTIES CHILDRENS APRON
72801d,4 SKY BLUE DINNER CANDLES
82494l,WOODEN FRAME ANTIQUE WHITE
84988,SET OF 72 PINK HEART PAPER DOILIES
85014b,RED RETROSPOT UMBRELLA
85039a,SET/4 RED MINI ROSE CANDLE IN BOWL
85114b,IVORY ENCHANTED FOREST PLACEMAT
85123a,WHITE HANGING HEART T-LIGHT HOLDER
23400,SHELF WITH 4 HOOKS HOME SWEET HOME
23496,PANTRY KITCHEN THERMOMETER
22804,PINK HANGING HEART T-LIGHT HOLDER
23427,STOOL HOME SWEET HOME
22363,GLASS JAR MARMALADE
20933,YELLOW POT PLANT CANDLE
21240,BLUE POLKADOT CUP
22426,ENAMEL WASH BOWL CREAM
84030e,ENGLISH ROSE HOT WATER BOTTLE
21576,LETS GO SHOPPING COTTON TOTE BAG
22709,WRAP WEDDING DAY
23233,WRAP POPPIES  DESIGN
22737,RIBBON REEL CHRISTMAS PRESENT
21628,TRIANGULAR POUFFE VINTAGE
23560,SET OF 6 RIBBONS COUNTRY STYLE
16238,PARTY TIME PENCIL ERASERS
16236,KITTY PENCIL ERASERS
23101,SILVER STARS TABLE DECORATION
22582,PACK OF 6 SWEETIE GIFT BOXES
22604,SET OF 4 NAPKIN CHARMS CUTLERY
21588,RETROSPOT GIANT TUBE MATCHES
23020,GLASS  SONGBIRD STORAGE JAR
21531,RED RETROSPOT SUGAR JAM BOWL
23174,REGENCY SUGAR BOWL GREEN
23512,EMBROIDERED RIBBON REEL ROSIE
23511,EMBROIDERED RIBBON REEL EMILY
22959,WRAP CHRISTMAS VILLAGE
23532,WALL ART WORK REST AND PLAY
22092,BLUE PAISLEY TISSUE BOX
21262,WHITE GOOSE FEATHER CHRISTMAS TREE
23548,WRAP MAGIC FOREST
21866,UNION JACK FLAG LUGGAGE TAG
21865,PINK UNION JACK  PASSPORT COVER
47421,ASSORTED COLOUR LIZARD SUCTION HOOK
84920,PINK FLOWER FABRIC PONY
22430,ENAMEL WATERING CAN CREAM
23214,JINGLE BELL HEART ANTIQUE GOLD
23192,BUNDLE OF 3 ALPHABET EXERCISE BOOKS
22953,BIRTHDAY PARTY CORDON BARRIER TAPE
84951B,SET OF 4 BLACK LOVEBIRD COASTERS
23075,PARLOUR CERAMIC WALL HOOK
22841,ROUND CAKE TIN VINTAGE GREEN
22893,MINI CAKE STAND T-LIGHT HOLDER
21926,RED/CREAM STRIPE CUSHION COVER
22806,SET OF 6 T-LIGHTS WEDDING CAKE
23459,DOLLY CABINET 2 DRAWERS
82483,WOOD 2 DRAWER CABINET WHITE FINISH
23444,Next Day Carriage
72800C,4 PINK DINNER CANDLE SILVER FLOCK
72800B,4 PURPLE FLOCK DINNER CANDLES
23360,SET 8 CANDLES VINTAGE DOILY
72811,SMALL ZINC/GLASS CANDLEHOLDER
23019,SMALL APOTHECARY MEASURING JAR
23455,SMALL PARLOUR PICTURE FRAME
23578,SNACK TRAY RED GINGHAM
22673,FRENCH GARDEN SIGN BLUE METAL
23106,ZINC HEARTS PLANT POT HOLDER
85034B,3 WHITE CHOC MORRIS BOXED CANDLES
22487,WHITE WOOD GARDEN PLANT LADDER
22986,WRAP GINGHAM ROSE
16156S,WRAP PINK FAIRY CAKES
22045,SPACEBOY GIFT WRAP
84251G,"GREETING CARD, OVERCROWDED POOL."
21499,BLUE POLKADOT WRAP
22971,QUEENS GUARD COFFEE MUG
23558,LANDMARK FRAME LONDON BRIDGE
23556,LANDMARK FRAME COVENT GARDEN
23554,LANDMARK FRAME OXFORD STREET
22669,RED BABY BUNTING
22360,GLASS JAR ENGLISH CONFECTIONERY
22417,PACK OF 60 SPACEBOY CAKE CASES
22668,PINK BABY BUNTING
21975,PACK OF 60 DINOSAUR CAKE CASES
85032B,BLOSSOM IMAGES GIFT WRAP SET
85032A,ROMANTIC IMAGES GIFT WRAP SET
85019A,ROMANTIC IMAGES NOTEBOOK SET
85019B,BLOSSOM  IMAGES NOTEBOOK SET
17012C,ORIGAMI LAVENDER INCENSE/CANDL SET
23128,FELTCRAFT BOY JEAN-PAUL KIT
22221,CAKE STAND LOVEBIRD 2 TIER PINK
23253,16 PIECE CUTLERY SET PANTRY DESIGN
21344,MOROCCAN BEATEN METAL DISH
72783,BLACK SIL'T SQU CANDLE PLATE
72780,BLACK SILOUETTE CANDLE PLATE
23232,WRAP VINTAGE LEAF DESIGN
22295,HEART FILIGREE DOVE LARGE
22779,WOODEN OWLS LIGHT GARLAND
22231,JIGSAW TREE WITH BIRDHOUSE
22228,BUNNY WOODEN PAINTED WITH BIRD
22550,HOLIDAY FUN LUDO
35967,FOLK ART METAL STAR T-LIGHT HOLDER
85179C,PINK BITTY LIGHT CHAIN
51008,AFGHAN SLIPPER SOCK PAIR
22780,LIGHT GARLAND BUTTERFILES PINK
23359,SET OF 12 T-LIGHTS VINTAGE DOILY
21623,VINTAGE UNION JACK MEMOBOARD
21756,BATH BUILDING BLOCK WORD
37495,FAIRY CAKE BIRTHDAY CANDLE SET
85136C,RED SHARK HELICOPTER
48116,DOORMAT MULTICOLOUR STRIPE
23250,VINTAGE RED TRIM ENAMEL BOWL
22972,CHILDREN'S SPACEBOY MUG
22691,DOORMAT WELCOME SUNRISE
90214A,"LETTER ""A"" BLING KEY RING"
90214D,"LETTER ""D"" BLING KEY RING"
90214L,"LETTER ""L"" BLING KEY RING"
90214S,"LETTER ""S"" BLING KEY RING"
23335,EGG FRYING PAN IVORY
23374,RED SPOT PAPER GIFT BAG
79160,HEART SHAPE WIRELESS DOORBELL
23557,LANDMARK FRAME BAKER STREET
23457,LARGE PARLOUR PICTURE FRAME
22936,BAKING MOULD ROSE WHITE CHOCOLATE
22935,BAKING MOULD ROSE MILK CHOCOLATE
22932,BAKING MOULD TOFFEE CUP CHOCOLATE
22931,BAKING MOULD HEART WHITE CHOCOLATE
22413,METAL SIGN TAKE IT OR LEAVE IT
23321,SMALL WHITE HEART OF WICKER
22511,RETROSPOT BABUSHKA DOORSTOP
22510,GINGHAM BABUSHKA DOORSTOP
15056P,EDWARDIAN PARASOL PINK
20686,DOLLY MIXTURE CHILDREN'S UMBRELLA
20992,JAZZ HEARTS PURSE NOTEBOOK
23504,PLAYING CARDS JUBILEE UNION JACK
90214E,"LETTER ""E"" BLING KEY RING"
22533,MAGIC DRAWING SLATE BAKE A CAKE
22534,MAGIC DRAWING SLATE SPACEBOY
90214P,"LETTER ""P"" BLING KEY RING"
90214I,"LETTER ""I"" BLING KEY RING"
21878,PACK OF 6 SANDCASTLE FLAGS ASSORTED
21619,4 VANILLA BOTANICAL CANDLES
85015,SET OF 12  VINTAGE POSTCARD SET
21894,POTTING SHED SEED ENVELOPES
21260,FIRST AID TIN
21136,PAINTED METAL PEARS ASSORTED
22522,CHILDS GARDEN FORK BLUE
85169A,IVORY LOVE BIRD CANDLE
85026B,EAU DE NILE JEWELLED T-LIGHT HOLDER
22132,RED LOVE HEART SHAPE CUP
23398,HANGING HEART BONHEUR
22097,SWALLOW SQUARE TISSUE BOX
85231B,CINAMMON SET OF 9 T-LIGHTS
21439,BASKET OF TOADSTOOLS
47469,ASSORTED SHAPES PHOTO CLIP SILVER
22402,MAGNETS PACK OF 4 VINTAGE COLLAGE
22210,WOOD STAMP SET BEST WISHES
22211,WOOD STAMP SET FLOWERS
79063C,"RETRO PILL BOX KEY CHAIN,THE KING"
21638,ASSORTED TUTTI FRUTTI NOTEBOOK
21640,ASSORTED TUTTI FRUTTI  FOB NOTEBOOK
20975,12 PENCILS SMALL TUBE RED RETROSPOT
22562,MONSTERS STENCIL CRAFT
22564,ALPHABET STENCIL CRAFT
22276,WASH BAG VINTAGE ROSE PAISLEY
23252,VINTAGE RED ENAMEL TRIM JUG
22642,SET OF 4 NAPKIN CHARMS STARS
23123,COCKTAIL SWORDS 50 PIECES
21715,GIRLS VINTAGE TIN SEASIDE BUCKET
22638,SET OF 4 NAPKIN CHARMS CROWNS
22643,SET OF 4 NAPKIN CHARMS LEAVES
46000M,POLYESTER FILLER PAD 45x45cm
21873,IF YOU CAN'T STAND THE HEAT MUG
22595,GINGHAM HEART DECORATION
23453,OVAL  MINI PORTRAIT FRAME
85175,SIN DESCRIPCION
23114,VINTAGE LEAF CHOPPING BOARD
85199L,LARGE HANGING IVORY & RED WOOD BIRD
85127,SMALL SQUARE CUT GLASS CANDLESTICK
84949,SILVER HANGING T-LIGHT HOLDER
23546,WRAP PAISLEY PARK
23545,WRAP RED VINTAGE DOILY
23231,WRAP  VINTAGE DOILY
23230,WRAP ALPHABET DESIGN
23582,VINTAGE DOILY JUMBO BAG RED
22688,DOORMAT PEACE ON EARTH BLUE
22847,BREAD BIN DINER STYLE IVORY
21819,GLITTER CHRISTMAS STAR
22930,BAKING MOULD HEART MILK CHOCOLATE
22201,FRYING PAN BLUE POLKADOT
22203,MILK PAN RED RETROSPOT
22204,MILK PAN BLUE POLKADOT
22789,T-LIGHT HOLDER SWEETHEART HANGING
23147,SINGLE ANTIQUE ROSE HOOK IVORY
23479,WIRE EGG BASKET
85061W,WHITE JEWELLED HEART DECORATION
84836,ZINC METAL HEART DECORATION
23107,WHITE HEARTS WIRE PLANT POT HOLDER
84792,ENCHANTED BIRD COATHANGER 5 HOOK
21733,RED HANGING HEART T-LIGHT HOLDER
23108,SET OF 10 LED DOLLY LIGHTS
23454,THREE MINI HANGING FRAMES
23452,HEART MINI PORTRAIT FRAME
22822,CREAM WALL PLANTER HEART SHAPED
23417,BATHROOM HOOK
22094,RED RETROSPOT TISSUE BOX
23148,MINIATURE ANTIQUE ROSE HOOK IVORY
22946,WOODEN ADVENT CALENDAR CREAM
23490,T-LIGHT HOLDER HANGING LOVE BIRD
21592,RETROSPOT CIGAR BOX MATCHES
22096,PINK PAISLEY SQUARE TISSUE BOX
21164,HOME SWEET HOME METAL SIGN
22445,PENCIL CASE LIFE IS BEAUTIFUL
90214R,"LETTER ""R"" BLING KEY RING"
23416,CHAMBRE HOOK
23486,ANTIQUE HEART SHELF UNIT
21441,BLUE BIRDHOUSE DECORATION
23487,SWEET HEART CAKE CARRIER
22084,PAPER CHAIN KIT EMPIRE
23153,ZINC SWEETHEART WIRE LETTER RACK
22531,MAGIC DRAWING SLATE CIRCUS PARADE
22532,MAGIC DRAWING SLATE LEAP FROG
21917,SET 12 KIDS  WHITE CHALK STICKS
84536A,ENGLISH ROSE NOTEBOOK A7 SIZE
22636,CHILDS BREAKFAST SET CIRCUS PARADE
23505,PLAYING CARDS I LOVE LONDON
22970,LONDON BUS COFFEE MUG
22453,MEASURING TAPE BABUSHKA BLUE
22434,BALLOON PUMP WITH 10 BALLOONS
21495,SKULLS AND CROSSBONES WRAP
21498,RED RETROSPOT WRAP
23169,smashed
22853,CAT BOWL VINTAGE CREAM
22852,DOG BOWL VINTAGE CREAM
46000S,POLYESTER FILLER PAD 40x40cm
22115,METAL SIGN EMPIRE TEA
37448,CERAMIC CAKE DESIGN SPOTTED MUG
37450,CERAMIC CAKE BOWL + HANGING CAKES
84596G,SMALL CHOCOLATES PINK BOWL
23155,KNICKERBOCKERGLORY MAGNET ASSORTED
23156,SET OF 5 MINI GROCERY MAGNETS
22923,FRIDGE MAGNETS LES ENFANTS ASSORTED
20677,PINK POLKADOT BOWL
20676,RED RETROSPOT BOWL
20675,BLUE POLKADOT BOWL
20674,GREEN POLKADOT BOWL
23179,CLOCK MAGNET MUM'S KITCHEN
21415,CLAM SHELL SMALL
84992,72 SWEETHEART FAIRY CAKE CASES
22438,BALLOON ART MAKE YOUR OWN FLOWERS
90089,PINK CRYSTAL SKULL PHONE CHARM
90214K,"LETTER ""K"" BLING KEY RING"
90214N,"LETTER ""N"" BLING KEY RING"
22406,MONEY BOX KINGS CHOICE DESIGN
21132,SILVER STANDING GNOME
84707A,SILVER JEWELLED MIRROR TRINKET TRAY
84006,MAGIC TREE -PAPER FLOWERS
70006,LOVE HEART POCKET WARMER
23316,RED REFECTORY CLOCK
22686,FRENCH BLUE METAL DOOR SIGN No
22750,FELTCRAFT PRINCESS LOLA DOLL
23222,CHRISTMAS TREE HANGING GOLD
22055,MINI CAKE STAND  HANGING STRAWBERY
23267,SET OF 4 SANTA PLACE SETTINGS
21903,MAN FLU METAL SIGN
21286,RETROSPOT CANDLE  LARGE
21442,GREEN BIRDHOUSE DECORATION
22057,CERAMIC PLATE STRAWBERRY DESIGN
22391,PAPERWEIGHT HOME SWEET HOME
22390,PAPERWEIGHT CHILDHOOD MEMORIES
22410,MONEY BOX HOUSEKEEPING DESIGN
22405,MONEY BOX POCKET MONEY DESIGN
22472,TV DINNER TRAY DOLLY GIRL
22473,TV DINNER TRAY VINTAGE PAISLEY
22647,CERAMIC LOVE HEART MONEY BANK
22742,MAKE YOUR OWN PLAYTIME CARD KIT
23522,WALL ART DOG AND BALL
23415,HOME SWEET HOME HOOK
72799E,IVORY PILLAR CANDLE SILVER FLOCK
84509G,SET OF 4 FAIRY CAKE PLACEMATS
84707B,PINK JEWELLED MIRROR TRINKET TRAY
84817,DANISH ROSE DECORATIVE PLATE
84820,DANISH ROSE TRINKET TRAYS
84821,DANISH ROSE DELUXE COASTER
22282,12 EGG HOUSE PAINTED WOOD
22283,6 EGG HOUSE PAINTED WOOD
23029,DRAWER KNOB CRACKLE GLAZE GREEN
22767,TRIPLE PHOTO FRAME CORNICE
22766,PHOTO FRAME CORNICE
22796,PHOTO FRAME 3 CLASSIC HANGING
21210,SET OF 72 RETROSPOT PAPER  DOILIES
23341,PINK DINER WALL CLOCK
79302M,"ART LIGHTS,FUNK MONKEY"
90210B,CLEAR ACRYLIC FACETED BANGLE
90210C,RED   ACRYLIC FACETED BANGLE
90057,DIAMANTE RING ASSORTED IN BOX.
72351A,SET/6 TURQUOISE BUTTERFLY T-LIGHTS
21742,LARGE ROUND WICKER PLATTER
22672,FRENCH BATHROOM SIGN BLUE METAL
21899,GARAGE KEY FOB
22840,ROUND CAKE TIN VINTAGE RED
22584,PACK OF 6 PANETTONE GIFT BOXES
16168M,FUNKY MONKEY GIFT BAG MEDIUM
22492,MINI PAINT SET VINTAGE
22530,MAGIC DRAWING SLATE DOLLY GIRL
22536,MAGIC DRAWING SLATE PURDEY
22493,PAINT YOUR OWN CANVAS SET
23337,EGG FRYING PAN MINT
23339,EGG FRYING PAN BLUE
23346,SPACEBOY BEAKER
23393,HOME SWEET HOME CUSHION COVER
23397,FOOT STOOL HOME SWEET HOME
23403,LETTER HOLDER HOME SWEET HOME
23413,DECORATIVE VINTAGE COFFEE  BOX
23466,TUSCAN VILLA DOVECOTE BIRD FEEDER
23484,HEART TRELLIS TRIPLE T-LIGHT HOLDER
23499,SET 12 VINTAGE DOILY CHALK
23500,KEY RING BASEBALL BOOT ASSORTED
23507,MINI PLAYING CARDS BUFFALO BILL
23528,WALL ART SPACEBOY
23566,EGG CUP MILKMAID HEIDI
23568,EGG CUP HENRIETTA HEN CREAM
23608,SET 10 CARDS RUDOLPHS NOSE 17097
23636,SET 10 CARDS WISHING TREE 17116
23654,SET 10 CARD SNOWMAN 16965
47591D,PINK FAIRY CAKE CHILDRENS APRON
70007,HI TEC ALPINE HAND WARMER
72122,COFFEE SCENT PILLAR CANDLE
72128,COLUMBIAN CANDLE ROUND
72812,LARGE ZINC GLASS CANDLEHOLDER
82551,LAUNDRY 15C METAL SIGN
84509A,SET OF 4 ENGLISH ROSE PLACEMATS
84859A,SILVER DISCO HANDBAG
84859B,BLUE DISCO HANDBAG
85099F,JUMBO BAG STRAWBERRY
85114B,IVORY ENCHANTED FOREST PLACEMAT
85170D,SET/6 PINK BIRD T-LIGHT CANDLES
85176,SEWING SUSAN 21 NEEDLE SET
85184C,SET 4 VALENTINE DECOUPAGE HEART BOX
90018A,SILVER M.O.P ORBIT DROP EARRINGS
90022,EDWARDIAN DROP EARRINGS JET BLACK
90038B,GLASS AND PAINTED BEADS BRACELET OL
90059C,DIAMANTE HAIR GRIP PACK/2 MONTANA
90114,SUMMER DAISIES BAG CHARM
90116,FRUIT SALAD BAG CHARM
90119,METALIC LEAVES BAG CHARMS
90177B,DROP DIAMANTE EARRINGS BLACK DIAMON
90202A,PURPLE ENAMEL FLOWER HAIR TIE
90202B,WHITE ENAMEL FLOWER HAIR TIE
17003,BROCADE RING PURSE
17012D,ORIGAMI ROSE INCENSE/CANDLE SET
17084P,DRAGONS BLOOD INCENSE
18097C,WHITE TALL PORCELAIN T-LIGHT HOLDER
20617,FIRST CLASS PASSPORT COVER
20654,FIRST CLASS LUGGAGE TAG
20780,BLACK EAR MUFF HEADPHONES
20829,GLITTER HANGING BUTTERFLY STRING
20839,FRENCH PAISLEY CUSHION COVER
20840,FRENCH FLORAL CUSHION COVER
20866,BLUE ROSE FABRIC MIRROR
20932,PINK POT PLANT CANDLE
20969,RED FLORAL FELTCRAFT SHOULDER BAG
21028,NINJA RABBIT BLACK
21068,VINTAGE BILLBOARD LOVE/HATE MUG
21070,VINTAGE BILLBOARD MUG
21080,SET/20 RED RETROSPOT PAPER NAPKINS
21088,SET/6 FRUIT SALAD PAPER CUPS
21156,RETROSPOT CHILDRENS APRON
21189,WHITE HONEYCOMB PAPER GARLAND
21231,SWEETHEART CERAMIC TRINKET BOX
21243,PINK POLKADOT PLATE
21400,RED PUDDING SPOON
21401,BLUE PUDDING SPOON
21403,BLUE EGG  SPOON
21429,RED GINGHAM ROSE JEWELLERY BOX
21452,TOADSTOOL MONEY BOX
21466,RED FLOWER CROCHET FOOD COVER
21530,DAIRY MAID TOASTRACK
21561,DINOSAUR LUNCH BOX WITH CUTLERY
21577,SAVE THE PLANET COTTON TOTE BAG
21624,VINTAGE UNION JACK DOORSTOP
21775,DECORATIVE FLORE BATHROOM BOTTLE
21933,PINK VINTAGE PAISLEY PICNIC BAG
21991,BOHEMIAN COLLAGE STATIONERY SET
22101,MIRROR MOSAIC VOTIVE HOLDER
22158,3 HEARTS HANGING DECORATION RUSTIC
22169,FAMILY ALBUM WHITE PICTURE FRAME
22222,CAKE PLATE LOVEBIRD WHITE
22250,DECORATION  BUTTERFLY  MAGIC GARDEN
22251,BIRDHOUSE DECORATION MAGIC GARDEN
22294,HEART FILIGREE DOVE  SMALL
22321,BIRD DECORATION RED RETROSPOT
22365,DOORMAT RESPECTABLE HOUSE
22375,AIRLINE BAG VINTAGE JET SET BROWN
22382,LUNCH BAG SPACEBOY DESIGN
22385,JUMBO BAG SPACEBOY DESIGN
22439,6 ROCKET BALLOONS
22477,WATERING CAN GARDEN MARKER
22479,DAISY GARDEN MARKER
22483,RED GINGHAM TEDDY BEAR
22508,DOORSTOP RETROSPOT HEART
22514,CHILDS GARDEN SPADE BLUE
22516,CHILDS GARDEN RAKE BLUE
22563,HAPPY STENCIL CRAFT
22583,PACK OF 6 HANDBAG GIFT BOXES
22587,FELTCRAFT HAIRBAND RED AND BLUE
22588,CARD HOLDER GINGHAM HEART
22603,CHRISTMAS RETROSPOT TREE WOOD
22661,CHARLOTTE BAG DOLLY GIRL DESIGN
22671,FRENCH LAUNDRY SIGN BLUE METAL
22675,FRENCH KITCHEN SIGN BLUE METAL
22678,FRENCH BLUE METAL DOOR SIGN 3
22679,FRENCH BLUE METAL DOOR SIGN 4
22685,FRENCH BLUE METAL DOOR SIGN 0
22739,RIBBON REEL CHRISTMAS SOCK BAUBLE
22743,MAKE YOUR OWN FLOWERPOWER CARD KIT
22746,POPPY'S PLAYHOUSE LIVINGROOM
22775,PURPLE DRAWERKNOB ACRYLIC EDWARDIAN
22781,GUMBALL MAGAZINE RACK
22792,FLUTED ANTIQUE CANDLE HOLDER
22801,ANTIQUE GLASS PEDESTAL BOWL
22902,TOTE BAG I LOVE LONDON
22903,CALENDAR FAMILY FAVOURITES
22916,HERB MARKER THYME
22917,HERB MARKER ROSEMARY
22918,HERB MARKER PARSLEY
22919,HERB MARKER MINT
22920,HERB MARKER BASIL
22921,HERB MARKER CHIVES
22938,CUPCAKE LACE PAPER SET 6
22968,ROSE COTTAGE KEEPSAKE BOX
22978,PANTRY ROLLING PIN
23006,TRAVEL CARD WALLET FLOWER MEADOW
23008,DOLLY GIRL BABY GIFT SET
23035,DRAWER KNOB CERAMIC IVORY
23048,SET OF 10 LANTERNS FAIRY LIGHT STAR
23081,GREEN METAL BOX ARMY SUPPLIES
23092,LARGE ANTIQUE WHITE PHOTO FRAME
23096,PETIT TRAY CHIC
23100,SILVER BELLS TABLE DECORATION
23109,PACK OF SIX LED TEA LIGHTS
23163,REGENCY SUGAR TONGS
23176,ABC TREASURE BOOK BOX
23189,SET OF 12 FORK CANDLES
23211,RED ROCKING HORSE HAND PAINTED
23221,REINDEER HEART DECORATION SILVER
23223,CHRISTMAS TREE HANGING SILVER
23225,CHERUB HEART DECORATION SILVER
23228,FILIGREE HEART BIRD WHITE
23236,STORAGE TIN VINTAGE DOILY
23244,ROUND STORAGE TIN VINTAGE LEAF
23263,SET OF 3 WOODEN HEART DECORATIONS
23273,HEART T-LIGHT HOLDER WILLIE WINKIE
23291,DOLLY GIRL CHILDRENS CUP
23315,IVORY REFECTORY CLOCK
23523,WALL ART TREASURE AHOY
22393,PAPERWEIGHT VINTAGE COLLAGE
22395,PAPERWEIGHT VINTAGE PAISLEY
22546,MINI JIGSAW PURDEY
22547,MINI JIGSAW DINOSAUR
90087,CRYSTAL SEA HORSE PHONE CHARM
21284,RETROSPOT CANDLE  SMALL
21285,RETROSPOT CANDLE  MEDIUM
21519,GIN & TONIC DIET GREETING CARD
23483,HANGING  BUTTERFLY T-LIGHT HOLDER
23694,PAISLEY PARK CARD
23695,DOILY THANK YOU CARD
22626,BLACK KITCHEN SCALES
23485,BOTANICAL GARDENS WALL CLOCK
23462,ROCOCO WALL MIRROR WHITE
23407,SET OF 2 TRAYS HOME SWEET HOME
22674,FRENCH TOILET SIGN BLUE METAL
85135C,RED DRAGONFLY HELICOPTER
21770,OPEN CLOSED METAL SIGN
35961,FOLKART ZINC HEART CHRISTMAS DEC
23269,SET OF 2 CERAMIC CHRISTMAS TREES
23227,FILIGREE HEART BUTTERFLY WHITE
22470,HEART OF WICKER LARGE
23209,LUNCH BAG VINTAGE DOILY
22475,SKULL DESIGN TV DINNER TRAY
22310,IVORY KNITTED MUG COSY
22350,ILLUSTRATED CAT BOWL
22366,DOORMAT AIRMAIL
22692,DOORMAT WELCOME TO OUR HOME
23697,A PRETTY THANK YOU CARD
48129,DOORMAT TOPIARY
22191,IVORY DINER WALL CLOCK
22192,BLUE DINER WALL CLOCK
22509,SEWING BOX RETROSPOT DESIGN
22756,LARGE YELLOW BABUSHKA NOTEBOOK
23576,SNACK TRAY RED VINTAGE DOILY
22343,PARTY PIZZA DISH RED RETROSPOT
22344,PARTY PIZZA DISH PINK POLKADOT
22345,PARTY PIZZA DISH BLUE POLKADOT
22346,PARTY PIZZA DISH GREEN POLKADOT
22431,WATERING CAN BLUE ELEPHANT
22432,WATERING CAN PINK BUNNY
22433,WATERING CAN GREEN DINOSAUR
21891,TRADITIONAL WOODEN SKIPPING ROPE
22605,WOODEN CROQUET GARDEN SET
22607,WOODEN ROUNDERS GARDEN SET
22752,SET 7 BABUSHKA NESTING BOXES
23133,LARGE IVORY HEART WALL ORGANISER
23135,SMALL ZINC HEART WALL ORGANISER
23396,LE JARDIN BOTANIQUE CUSHION COVER
23394,POSTE FRANCE CUSHION COVER
23395,BELLE JARDINIERE CUSHION COVER
23597,PAPER BUNTING PAISLEY PARK
23329,DECORATIVE WICKER HEART LARGE
23331,DECORATIVE WICKER HEART SMALL
23330,DECORATIVE WICKER HEART MEDIUM
22606,WOODEN SKITTLES GARDEN SET
21034,REX CASH+CARRY JUMBO SHOPPER
22188,BLACK HEART CARD HOLDER
22189,CREAM HEART CARD HOLDER
23543,WALL ART KEEP CALM
23553,LANDMARK FRAME CAMDEN TOWN
23542,WALL ART 70'S ALPHABET
23531,WALL ART BIG LOVE
23401,RUSTIC MIRROR WITH LACE HEART
23281,FOLDING BUTTERFLY MIRROR RED
16219,HOUSE SHAPE PENCIL SHARPENER
23458,DOLLY CABINET 3 DRAWERS
71477,COLOURED GLASS STAR T-LIGHT HOLDER
21535,RED RETROSPOT SMALL MILK JUG
84030E,ENGLISH ROSE HOT WATER BOTTLE
90214C,"LETTER ""C"" BLING KEY RING"
84600,NEW BAROQUE JEWELLERY BOX
22389,PAPERWEIGHT SAVE THE PLANET
84976,RECTANGULAR SHAPED MIRROR
72801D,4 SKY BLUE DINNER CANDLES
85111,SILVER GLITTER FLOWER VOTIVE HOLDER
17012F,ORIGAMI SANDLEWOOD INCENSE/CAND SET
72801C,4 ROSE PINK DINNER CANDLES
72598,SET/12 TAPER CANDLES
21167,WHITE SAGE INCENSE
20869,GOLD FABRIC MIRROR
20868,SILVER FABRIC MIRROR
84429A,MEDIUM PINK BUDDHA HEAD
20996,JAZZ HEARTS ADDRESS BOOK
23180,MUM'S KITCHEN CLOCK
22067,CHOC TRUFFLE GOLD TRINKET POT
21365,MIRRORED WALL ART STARS
21371,MIRRORED WALL ART POPPIES
22098,BOUDOIR SQUARE TISSUE BOX
21629,SQUARE FLOOR CUSHION VINTAGE RED
21846,PINK DIAMANTE PEN IN GIFT BOX
21985,PACK OF 12 HEARTS DESIGN TISSUES
20772,GARDEN PATH JOURNAL
47580,TEA TIME DES TEA COSY
22364,GLASS JAR DIGESTIVE BISCUITS
21446,12 RED ROSE PEG PLACE SETTINGS
51014C,"FEATHER PEN,COAL BLACK"
23085,ANTIQUE SILVER BAUBLE LAMP
22543,MINI JIGSAW BAKE A CAKE
22320,BIRDS MOBILE VINTAGE DESIGN
48194,DOORMAT HEARTS
48185,DOORMAT FAIRY CAKE
48184,DOORMAT ENGLISH ROSE
23283,DOORMAT VINTAGE LEAF
22690,DOORMAT HOME SWEET HOME BLUE
23131,MISTLETOE HEART WREATH CREAM
22784,LANTERN CREAM GAZEBO
82494L,WOODEN FRAME ANTIQUE WHITE
21944,KITTENS DESIGN FLANNEL
22529,MAGIC DRAWING SLATE GO TO THE FAIR
22030,SWALLOWS GREETING CARD
22990,COTTON APRON PANTRY DESIGN
21055,TOOL BOX SOFT TOY
22208,WOOD STAMP SET THANK YOU
22130,PARTY CONE CHRISTMAS DECORATION
23296,SET OF 6 TEA TIME BAKING CASES
84012,MAGIC SHEEP WOOL GROWING FROM PAPER
72819,CUPID DESIGN SCENTED CANDLES
22744,MAKE YOUR OWN MONSOON CARD KIT
84509B,SET OF 4 FAIRY CAKE PLACEMATS
20616,CHERRY BLOSSOM PASSPORT COVER
22897,OVEN MITT APPLES DESIGN
21867,PINK UNION JACK  LUGGAGE TAG
20615,BLUE POLKADOT PASSPORT COVER
20652,BLUE POLKADOT LUGGAGE TAG
23132,SMALL IVORY HEART WALL ORGANISER
21524,DOORMAT SPOTTY HOME SWEET HOME
21253,SET OF PICTURE FRAME  STICKERS
23235,STORAGE TIN VINTAGE LEAF
23272,TREE T-LIGHT HOLDER WILLIE WINKIE
23239,SET OF 4 KNICK KNACK TINS POPPIES
22118,JOY WOODEN BLOCK LETTERS
22119,PEACE WOODEN BLOCK LETTERS
22217,T-LIGHT HOLDER HANGING LACE
22216,T-LIGHT HOLDER WHITE LACE
22723,SET OF 6 HERB TINS SKETCHBOOK
23141,TRIPLE WIRE HOOK PINK HEART
23004,TRAVEL CARD WALLET PANTRY
23002,TRAVEL CARD WALLET SKULLS
23000,TRAVEL CARD WALLET TRANSPORT
22994,TRAVEL CARD WALLET RETROSPOT
22670,FRENCH WC SIGN BLUE METAL
22667,RECIPE BOX RETROSPOT
22628,PICNIC BOXES SET OF 3 RETROSPOT
21908,CHOCOLATE THIS WAY METAL SIGN
21872,GLAMOROUS  MUG
21533,RETROSPOT LARGE MILK JUG
21248,DOOR HANGER  MUM + DADS ROOM
21159,MOODY BOY  DOOR HANGER
16014,SMALL CHINESE STYLE SCISSOR
16008,SMALL FOLDING SCISSOR(POINTED EDGE)
84510A,SET OF 4 ENGLISH ROSE COASTERS
72760B,VINTAGE CREAM 3 BASKET CAKE STAND
72232,FENG SHUI PILLAR CANDLE
23430,BLUE RETRO KITCHEN WALL CLOCK
23429,RED RETRO KITCHEN WALL CLOCK
23428,IVORY RETRO KITCHEN WALL CLOCK
23240,SET OF 4 KNICK KNACK TINS DOILY
48111,DOORMAT 3 SMILEY CATS
20981,12 PENCILS TALL TUBE WOODLAND
23424,GINGHAM RECIPE BOOK BOX
84970L,SINGLE HEART ZINC T-LIGHT HOLDER
84947,ANTIQUE SILVER TEA GLASS ENGRAVED
23503,PLAYING CARDS KEEP CALM & CARRY ON
23445,ICE CREAM BUBBLES
23127,FELTCRAFT GIRL NICOLE KIT
22747,POPPY'S PLAYHOUSE BATHROOM
22078,RIBBON REEL LACE DESIGN
22791,T-LIGHT GLASS FLUTED ANTIQUE
23463,VINTAGE ZINC WATERING CAN
23464,VINTAGE ZINC WATERING CAN SMALL
22072,RED RETROSPOT TEA CUP AND SAUCER
22476,EMPIRE UNION JACK TV DINNER TRAY
22496,SET OF 2 ROUND TINS DUTCH CHEESE
22513,DOORSTOP FOOTBALL DESIGN
23178,JAM CLOCK MAGNET
23302,KNEELING MAT HOUSEWORK  DESIGN
23533,WALL ART GARDEN HAVEN
84819,DANISH ROSE ROUND SEWING BOX
22485,SET OF 2 WOODEN MARKET CRATES
21875,KINGS CHOICE MUG
23251,VINTAGE RED ENAMEL TRIM MUG
23843,"PAPER CRAFT , LITTLE BIRDIE"
22617,BAKING SET SPACEBOY DESIGN
20749,ASSORTED COLOUR MINI CASES
23203,JUMBO BAG VINTAGE DOILY
22491,PACK OF 12 COLOURED PENCILS
22182,CAKE STAND VICTORIAN FILIGREE SMALL
23144,ZINC T-LIGHT HOLDER STARS SMALL
23372,SET 36 COLOUR PENCILS DOLLY GIRL
23375,50'S CHRISTMAS PAPER GIFT BAG
23377,PACK OF 12 DOLLY GIRL TISSUES
23378,PACK OF 12 50'S CHRISTMAS TISSUES
23379,PACK OF 12 RED APPLE TISSUES
23380,PACK OF 12 VINTAGE DOILY TISSUES
23381,PACK OF 12 VINTAGE LEAF TISSUES
23391,I LOVE LONDON MINI BACKPACK
23392,SPACEBOY ROCKET LOLLY MAKERS
23399,HOME SWEET HOME HANGING HEART
23405,HOME SWEET HOME 2 DRAWER CABINET
23418,LAVENDER TOILETTE BOTTLE
23426,METAL SIGN DROP YOUR PANTS
23434,3 RAFFIA RIBBONS 50'S CHRISTMAS
23435,3 RAFFIA RIBBONS VINTAGE CHRISTMAS
23451,SQUARE MINI PORTRAIT FRAME
23467,VINTAGE ZINC PLANTER
23469,CARD HOLDER LOVE BIRD SMALL
23495,SET OF 3 PANTRY WOODEN SPOONS
23506,MINI PLAYING CARDS SPACEBOY
23508,MINI PLAYING CARDS DOLLY GIRL
23510,MINI PLAYING CARDS GYMKHANA
23521,WALL ART CAT AND BIRD
23526,WALL ART DOG LICENCE
23530,WALL ART ONLY ONE PERSON
23534,WALL ART STOP FOR TEA
23536,WALL ART VILLAGE SHOW
23538,WALL ART VINTAGE HEART
23551,PACK OF 12 PAISLEY PARK TISSUES
23555,LANDMARK FRAME NOTTING HILL
23559,WOODLAND BUNNIES LOLLY MAKERS
23565,EGG CUP MILKMAID HELGA
23567,EGG CUP HENRIETTA HEN PINK
23569,TRADTIONAL ALPHABET STAMP SET
23571,TRADITIONAL NAUGHTS & CROSSES
23575,SNACK TRAY PAISLEY PARK
23579,SNACK TRAY I LOVE LONDON
23583,LUNCH BAG PAISLEY PARK
23611,SET 10 CARDS RED RIDING HOOD 17214
23616,SET 10 CARDS JINGLE BELLS 17217
23621,SET 10 CARDS DAVID'S MADONNA 17074
23635,SET 10 CARDS CHRISTMAS HOLLY  17259
23644,SET 10 CARDS CHRISTMAS TREE 16955
23660,HENRIETTA HEN MUG
23661,MILK MAIDS MUG
35095A,BLUE VICTORIAN FABRIC OVAL BOX
35095B,RED VICTORIAN FABRIC OVAL BOX
35646,VINTAGE BEAD PINK EVENING BAG
35648,VINTAGE BEAD PINK PURSE
35953,FOLKART STAR CHRISTMAS DECORATIONS
35964,FOLKART CLIP ON STARS
46118,FUNKY MONKEY CUSHION COVER
46776A,WOVEN BUBBLE GUM CUSHION COVER
46776B,WOVEN BERRIES CUSHION COVER
46776C,WOVEN FROST CUSHION COVER
46776D,WOVEN SUNSET CUSHION COVER
46776E,WOVEN CANDY CUSHION COVER
46776F,WOVEN ROSE GARDEN CUSHION COVER
47310M,SMALL POP BOX FUNKY MONKEY
47480,HANGING PHOTO CLIP ROPE LADDER
47504H,ENGLISH ROSE SPIRIT LEVEL
47559B,TEA TIME OVEN GLOVE
47563A,RETRO LONGBOARD IRONING BOARD COVER
47590B,PINK HAPPY BIRTHDAY BUNTING
51014A,"FEATHER PEN,HOT PINK"
51014L,"FEATHER PEN,LIGHT PINK"
71270,PHOTO CLIP LINE
72349B,SET/6 PURPLE BUTTERFLY T-LIGHTS
72741,GRAND CHOCOLATECANDLE
82484,WOOD BLACK BOARD ANT WHITE FINISH
82567,"AIRLINE LOUNGE,METAL SIGN"
82582,AREA PATROLLED METAL SIGN
84077,WORLD WAR 2 GLIDERS ASSTD DESIGNS
84249A,"GREETING CARD,SQUARE, DOUGHNUTS"
84378,SET OF 3 HEART COOKIE CUTTERS
84559A,3D SHEET OF DOG STICKERS
84568,GIRLS ALPHABET IRON ON PATCHES
84569D,PACK 6 HEART/ICE-CREAM PATCHES
84596B,SMALL DOLLY MIX DESIGN ORANGE BOWL
84596F,SMALL MARSHMALLOWS PINK BOWL
84598,BOYS ALPHABET IRON ON PATCHES
84755,COLOUR GLASS T-LIGHT HOLDER HANGING
84828,JUNGLE POPSICLES ICE LOLLY MOULDS
84923,PINK BUTTERFLY HANDBAG W BOBBLES
84970S,HANGING HEART ZINC T-LIGHT HOLDER
84991,60 TEATIME FAIRY CAKE CASES
84997A,CHILDRENS CUTLERY POLKADOT GREEN
20733,GOLD MINI TAPE MEASURE
20777,CHRYSANTHEMUM NOTEBOOK
20782,CAMOUFLAGE EAR MUFF HEADPHONES
20914,SET/5 RED RETROSPOT LID GLASS BOWLS
20931,BLUE POT PLANT CANDLE
20970,PINK FLORAL FELTCRAFT SHOULDER BAG
20971,PINK BLUE FELT CRAFT TRINKET BOX
20972,PINK CREAM FELT CRAFT TRINKET BOX
20973,12 PENCIL SMALL TUBE WOODLAND
20978,36 PENCILS TUBE SKULLS
20982,12 PENCILS TALL TUBE SKULLS
20983,12 PENCILS TALL TUBE RED RETROSPOT
20985,HEART CALCULATOR
20986,BLUE CALCULATOR RULER
21000,ROSE DU SUD COSMETICS BAG
21015,DARK BIRD HOUSE TREE DECORATION
21026,SPACE OWL
21035,SET/2 RED RETROSPOT TEA TOWELS
21064,BOOM BOX SPEAKER BOYS
21065,BOOM BOX SPEAKER GIRLS
21098,CHRISTMAS TOILET ROLL
21123,SET/10 IVORY POLKADOT PARTY CANDLES
21126,SET OF 6 GIRLS CELEBRATION CANDLES
21154,RED RETROSPOT OVEN GLOVE
21158,MOODY GIRL DOOR HANGER
21162,TOXIC AREA  DOOR HANGER
21172,PARTY METAL SIGN
21175,GIN AND TONIC DIET METAL SIGN
21200,MULTICOLOUR HONEYCOMB PAPER GARLAND
21201,TROPICAL  HONEYCOMB PAPER GARLAND
21213,PACK OF 72 SKULL CAKE CASES
21259,VICTORIAN SEWING BOX SMALL
21356,TOAST ITS - FAIRY FLOWER
21378,SMALL TALL CAMPHOR WOOD TOADSTOOL
21379,CAMPHOR WOOD PORTOBELLO MUSHROOM
21383,PACK OF 12 STICKY BUNNIES
21402,RED  EGG  SPOON
21408,SPOTTY PINK DUCK DOORSTOP
21467,CHERRY CROCHET FOOD COVER
21471,STRAWBERRY RAFFIA FOOD COVER
21508,VINTAGE KID DOLLY CARD
21509,COWBOYS AND INDIANS BIRTHDAY CARD
21528,DAIRY MAID TRADITIONAL TEAPOT
21544,SKULLS  WATER TRANSFER TATTOOS
21615,4 LAVENDER BOTANICAL DINNER CANDLES
21616,4 PEAR BOTANICAL DINNER CANDLES
21642,ASSORTED TUTTI FRUTTI PEN
21648,ASSORTED TUTTI FRUTTI SMALL PURSE
21650,ASSORTED TUTTI FRUTTI BRACELET
21675,BUTTERFLIES STICKERS
21677,HEARTS  STICKERS
21678,PAISLEY PATTERN  STICKERS
21680,WOODLAND  STICKERS
21703,BAG 125g SWIRLY MARBLES
21704,BAG 250g SWIRLY MARBLES
21716,BOYS VINTAGE TIN SEASIDE BUCKET
21718,RED METAL BEACH SPADE
21724,PANDA AND BUNNIES STICKER SHEET
21739,COSY SLIPPER SHOES SMALL GREEN
21774,DECORATIVE CATS BATHROOM BOTTLE
21786,POLKADOT RAIN HAT
21787,RAIN PONCHO RETROSPOT
21791,VINTAGE HEADS AND TAILS CARD GAME
21808,"CHRISTMAS GARLAND STARS,TREES"
21812,GARLAND WITH HEARTS AND BELLS
21813,GARLAND WITH STARS AND BELLS
21822,GLITTER CHRISTMAS TREE WITH BELLS
21828,EIGHT PIECE SNAKE  SET
21832,CHOCOLATE CALCULATOR
21833,CAMOUFLAGE LED TORCH
21879,HEARTS GIFT TAPE
21889,WOODEN BOX OF DOMINOES
21892,TRADITIONAL WOODEN CATCH CUP GAME
21900,"KEY FOB , SHED"
21901,"KEY FOB , BACK DOOR"
21902,"KEY FOB , FRONT  DOOR"
21905,MORE BUTTER METAL SIGN
21906,PHARMACIE FIRST AID TIN
21932,SCANDINAVIAN PAISLEY PICNIC BAG
21936,RED RETROSPOT PICNIC BAG
21945,STRAWBERRIES  DESIGN FLANNEL
21947,SET OF 6 HEART CHOPSTICKS
21949,SET OF 6 STRAWBERRY CHOPSTICKS
21967,PACK OF 12 SKULL TISSUES
21976,PACK OF 60 MUSHROOM CAKE CASES
21980,PACK OF 12 RED RETROSPOT TISSUES
21981,PACK OF 12 WOODLAND TISSUES
21982,PACK OF 12 SUKI TISSUES
21984,PACK OF 12 PINK PAISLEY TISSUES
21986,PACK OF 12 PINK POLKADOT TISSUES
21993,FLORAL FOLK STATIONERY SET
22024,RAINY LADIES BIRTHDAY CARD
22025,RING OF ROSES BIRTHDAY CARD
22026,BANQUET BIRTHDAY  CARD
22027,TEA PARTY BIRTHDAY CARD
22028,PENNY FARTHING BIRTHDAY CARD
22029,SPACEBOY BIRTHDAY CARD
22031,BOTANICAL LAVENDER BIRTHDAY CARD
22037,ROBOT BIRTHDAY CARD
22064,PINK DOUGHNUT TRINKET POT
22065,CHRISTMAS PUDDING TRINKET POT
22070,SMALL RED RETROSPOT MUG IN BOX
22071,SMALL WHITE RETROSPOT MUG IN BOX
22085,PAPER CHAIN KIT SKULLS
22091,EMPIRE TISSUE BOX
22104,MIRROR MOSAIC CANDLE PLATE
22106,MIRROR MOSAIC HURRICANE LAMP
22107,PIZZA PLATE IN BOX
22108,PING! MICROWAVE PLATE
22109,FULL ENGLISH BREAKFAST PLATE
22116,METAL SIGN HIS DINNER IS SERVED
22121,NOEL WOODEN BLOCK LETTERS
22123,PING MICROWAVE APRON
22124,SET OF 2 TEA TOWELS PING MICROWAVE
22129,PARTY CONES CANDY DECORATION
22134,MINI LADLE LOVE HEART RED
15036,ASSORTED COLOURS SILK FAN
15039,SANDALWOOD FAN
15058C,ICE CREAM DESIGN GARDEN PARASOL
16218,CARTOON  PENCIL SHARPENERS
16225,RATTLE SNAKE EGGS
16235,RECYCLED PENCIL WITH RABBIT ERASER
16237,SLEEPING CAT ERASERS
17038,PORCELAIN BUDAH INCENSE HOLDER
17084N,FAIRY DREAMS INCENSE
20659,ECONOMY LUGGAGE TAG
20665,RED RETROSPOT PURSE
22135,MINI LADLE LOVE HEART PINK
22150,3 STRIPEY MICE FELTCRAFT
22154,ANGEL DECORATION 3 BUTTONS
22156,HEART DECORATION WITH PEARLS
22163,HEART STRING MEMO HOLDER HANGING
22167,OVAL WALL MIRROR DIAMANTE
22170,PICTURE FRAME WOOD TRIPLE PORTRAIT
22209,WOOD STAMP SET HAPPY BIRTHDAY
22212,FOUR HOOK  WHITE LOVEBIRDS
22219,LOVEBIRD HANGING DECORATION WHITE
22224,WHITE LOVEBIRD LANTERN
22260,FELT EGG COSY BLUE RABBIT
22261,FELT EGG COSY WHITE RABBIT
22264,FELT FARM ANIMAL WHITE BUNNY
22273,FELTCRAFT DOLL MOLLY
22277,COSMETIC BAG VINTAGE ROSE PAISLEY
22279,POCKET BAG BLUE PAISLEY RED SPOT
22280,POCKET BAG PINK PAISELY BROWN SPOT
22300,COFFEE MUG DOG + BALL DESIGN
22307,GOLD MUG BONE CHINA TREE OF LIFE
22309,TEA COSY RED  STRIPE
22324,BLUE POLKADOT KIDS BAG
22329,ROUND CONTAINER SET OF 5 RETROSPOT
22338,STAR DECORATION PAINTED ZINC
22340,NOEL GARLAND PAINTED ZINC
22342,HOME GARLAND PAINTED ZINC
22348,TEA BAG PLATE RED RETROSPOT
22361,GLASS JAR DAISY FRESH COTTON WOOL
22362,GLASS JAR PEACOCK BATH SALTS
22372,AIRLINE BAG VINTAGE WORLD CHAMPION
85014B,RED RETROSPOT UMBRELLA
85032C,CURIOUS IMAGES GIFT WRAP SET
85039A,SET/4 RED MINI ROSE CANDLE IN BOWL
85039B,S/4 IVORY MINI ROSE CANDLE IN BOWL
85040A,S/4 PINK FLOWER CANDLES IN BOWL
85049C,ROMANTIC PINKS RIBBONS
85049G,CHOCOLATE BOX RIBBONS
85049H,URBAN BLACK RIBBONS
85059,FRENCH ENAMEL WATER BASIN
85094,CANDY SPOT EGG WARMER RABBIT
85114C,RED ENCHANTED FOREST PLACEMAT
85131B,BEADED CRYSTAL HEART GREEN ON STICK
85131D,BEADED CRYSTAL HEART PINK ON STICK
85152,HAND OVER THE CHOCOLATE   SIGN
85168B,BLACK BAROQUE CARRIAGE CLOCK
85169C,EAU DE NIL LOVE BIRD CANDLE
85170C,SET/6 EAU DE NIL BIRD T-LIGHTS
85177,BASKET OF FLOWERS SEWING KIT
85178,VICTORIAN SEWING KIT
85179A,GREEN BITTY LIGHT CHAIN
85199S,SMALL HANGING IVORY/RED WOOD BIRD
85227,SET OF 6 3D KIT CARDS FOR KIDS
90003C,MIDNIGHT BLUE PAIR HEART HAIR SLIDE
90003E,GREEN PAIR HEART HAIR SLIDES
90010A,MIDNIGHT BLUE GLASS/SILVER BRACELET
90013A,MIDNIGHT BLUE VINTAGE EARRINGS
90013C,GREEN VINTAGE EARRINGS
90014A,SILVER M.O.P. ORBIT NECKLACE
90016B,GOLD/M.O.P PENDANT ORBIT NECKLACE
90018B,GOLD M.O.P ORBIT DROP EARRINGS
90019B,GOLD M.O.P ORBIT BRACELET
90027D,GLASS BEAD HOOP EARRINGS AMETHYST
90030B,RED KUKUI COCONUT SEED NECKLACE
90055,CRACKED GLAZE EARRINGS BROWN
90059A,DIAMANTE HAIR GRIP PACK/2 CRYSTAL
90059D,DIAMANTE HAIR GRIP PACK/2 PERIDOT
90059E,DIAMANTE HAIR GRIP PACK/2 RUBY
90059F,DIAMANTE HAIR GRIP PACK/2 LT ROSE
90072,RUBY DROP CHANDELIER EARRINGS
90086,CRYSTAL FROG PHONE CHARM
90120B,BLUE MURANO TWIST BRACELET
90120C,GREEN MURANO TWIST BRACELET
90130B,TURQ STONE/CRYSTAL EARRINGS
90130C,GREEN STONE/CRYSTAL EARRINGS
90134,OLD ROSE COMBO BEAD NECKLACE
90138,WHITE/PINK MINI CRYSTALS NECKLACE
90141B,IVORY PENDANT TRIPLE SHELL NECKLACE
90145,SILVER HOOP EARRINGS WITH FLOWER
90155,RESIN NECKLACE W PASTEL BEADS
90161D,ANT COPPER PINK BOUDICCA BRACELET
90163A,PINK ROSEBUD & PEARL NECKLACE
90165B,WHITE ROSEBUD  PEARL EARRINGS
90168,2 DAISIES HAIR COMB
90169,DAISY HAIR COMB
90170,DAISY HAIR BAND
90174,BUTTERFLY HAIR BAND
90175A,WHITE GLASS CHUNKY CHARM BRACELET
90175D,TIGRIS EYE CHUNKY CHARM BRACELET
90177A,CLASSIC DIAMANTE EARRINGS JET
90177C,DROP DIAMANTE EARRINGS CRYSTAL
90181B,AMETHYST GLASS/SHELL/PEARL NECKLACE
90182C,BLACK 3 BEAD DROP EARRINGS
90183A,AMBER DROP EARRINGS W LONG BEADS
90183C,BLACK DROP EARRINGS W LONG BEADS
90184C,BLACK CHUNKY BEAD BRACELET W STRAP
90185B,AMETHYST DIAMANTE EXPANDABLE RING
90188,DROP EARRINGS W FLOWER & LEAF
90191,SILVER LARIAT 40CM
90192,JADE DROP EARRINGS W FILIGREE
90198A,VINTAGE ROSE BEAD BRACELET RASPBERR
90200A,PURPLE SWEETHEART BRACELET
90201A,PURPLE ENAMEL FLOWER RING
90201B,BLACK ENAMEL FLOWER RING
90201C,RED ENAMEL FLOWER RING
90201D,GREEN ENAMEL FLOWER RING
90202C,GREEN ENAMEL FLOWER HAIR TIE
90202D,PINK ENAMEL FLOWER HAIR TIE
90206C,CRYSTAL DIAMANTE STAR BROOCH
90208,PAIR OF PINK FLOWER CLUSTER SLIDE
90210A,GREY ACRYLIC FACETED BANGLE
22380,TOY TIDY SPACEBOY
22396,MAGNETS PACK OF 4 RETRO PHOTO
22418,10 COLOUR SPACEBOY PEN
22419,LIPSTICK PEN RED
22420,LIPSTICK PEN BABY PINK
22421,LIPSTICK PEN FUSCHIA
22437,SET OF 9 BLACK SKULL BALLOONS
22441,GROW YOUR OWN BASIL IN ENAMEL MUG
22446,PIN CUSHION BABUSHKA PINK
22467,GUMBALL COAT RACK
22478,BIRDHOUSE GARDEN MARKER
22486,PLASMATRONIC LAMP
22489,PACK OF 12 TRADITIONAL CRAYONS
22540,MINI JIGSAW CIRCUS PARADE
22558,CLOTHES PEGS RETROSPOT PACK 24
22560,TRADITIONAL MODELLING CLAY
22565,FELTCRAFT HAIRBANDS PINK AND WHITE
22566,FELTCRAFT HAIRBAND PINK AND PURPLE
22571,ROCKING HORSE RED CHRISTMAS
22574,HEART WOODEN CHRISTMAS DECORATION
22577,WOODEN HEART CHRISTMAS SCANDINAVIAN
22578,WOODEN STAR CHRISTMAS SCANDINAVIAN
22580,ADVENT CALENDAR GINGHAM SACK
22581,WOOD STOCKING CHRISTMAS SCANDISPOT
22586,FELTCRAFT HAIRBAND PINK AND BLUE
22589,CARDHOLDER GINGHAM STAR
22591,CARDHOLDER GINGHAM CHRISTMAS TREE
22592,CARDHOLDER HOLLY WREATH METAL
22593,CHRISTMAS GINGHAM STAR
22594,CHRISTMAS GINGHAM TREE
22597,MUSICAL ZINC HEART DECORATION
22598,CHRISTMAS MUSICAL ZINC TREE
22599,CHRISTMAS MUSICAL ZINC STAR
22600,CHRISTMAS RETROSPOT STAR WOOD
22601,CHRISTMAS RETROSPOT ANGEL WOOD
22602,RETROSPOT WOODEN HEART DECORATION
22608,PENS ASSORTED FUNKY JEWELED
22614,PACK OF 12 SPACEBOY TISSUES
22615,PACK OF 12 CIRCUS PARADE TISSUES
22616,PACK OF 12 LONDON TISSUES
22620,4 TRADITIONAL SPINNING TOPS
22630,DOLLY GIRL LUNCH BOX
22634,CHILDS BREAKFAST SET SPACEBOY
22650,CERAMIC PIRATE CHEST MONEY BANK
22651,GENTLEMAN SHIRT REPAIR KIT
22653,BUTTON BOX
22662,LUNCH BAG DOLLY GIRL DESIGN
22693,GROW A FLYTRAP OR SUNFLOWER IN TIN
22701,PINK DOG BOWL
22703,PINK CAT BOWL
22712,CARD DOLLY GIRL
22713,CARD I LOVE LONDON
22714,CARD BIRTHDAY COWBOY
22717,CARD DOG AND BALL
22720,SET OF 3 CAKE TINS PANTRY DESIGN
22741,FUNKY DIVA PEN
22745,POPPY'S PLAYHOUSE BEDROOM
22748,POPPY'S PLAYHOUSE KITCHEN
22749,FELTCRAFT PRINCESS CHARLOTTE DOLL
22751,FELTCRAFT PRINCESS OLIVIA DOLL
22757,LARGE RED BABUSHKA NOTEBOOK
22758,LARGE PURPLE BABUSHKA NOTEBOOK
22763,KEY CABINET MA CAMPAGNE
22768,FAMILY PHOTO FRAME CORNICE
22800,ANTIQUE TALL SWIRLGLASS TRINKET POT
22809,SET OF 6 T-LIGHTS SANTA
22814,CARD PARTY GAMES
22815,CARD PSYCHEDELIC APPLES
22817,CARD SUKI BIRTHDAY
22818,CARD CHRISTMAS VILLAGE
22819,"BIRTHDAY CARD, RETRO SPOT"
22821,GIFT BAG PSYCHEDELIC APPLES
22867,HAND WARMER BIRD DESIGN
22881,NUMBER TILE VINTAGE FONT 2
22885,NUMBER TILE VINTAGE FONT 6
22888,NUMBER TILE VINTAGE FONT 9
22890,NOVELTY BISCUITS CAKE STAND 3 TIER
22905,CALENDAR IN SEASON DESIGN
22914,BLUE COAT RACK PARIS FASHION
22922,FRIDGE MAGNETS US DINER ASSORTED
22924,FRIDGE MAGNETS LA VIE EN ROSE
22928,YELLOW GIANT GARDEN THERMOMETER
22940,FELTCRAFT CHRISTMAS FAIRY
22948,METAL DECORATION NAUGHTY CHILDREN
22951,60 CAKE CASES DOLLY GIRL DESIGN
22955,36 FOIL STAR CAKE CASES
22962,JAM JAR WITH PINK LID
22963,JAM JAR WITH GREEN LID
22964,3 PIECE SPACEBOY COOKIE CUTTER SET
22965,3 TRADITIONAl BISCUIT CUTTERS  SET
22969,HOMEMADE JAM SCENTED CANDLES
22975,SPACEBOY CHILDRENS EGG CUP
22977,DOLLY GIRL CHILDRENS EGG CUP
22979,PANTRY WASHING UP BRUSH
22980,PANTRY SCRUBBING BRUSH
22982,PANTRY PASTRY BRUSH
22983,CARD BILLBOARD FONT
22984,CARD GINGHAM ROSE
22988,SOLDIERS EGG CUP
22989,SET 2 PANTRY DESIGN TEA TOWELS
22995,TRAVEL CARD WALLET SUKI
22996,TRAVEL CARD WALLET VINTAGE TICKET
22997,TRAVEL CARD WALLET UNION JACK
22998,TRAVEL CARD WALLET KEEP CALM
22999,TRAVEL CARD WALLET VINTAGE LEAF
23005,TRAVEL CARD WALLET I LOVE LONDON
23007,SPACEBOY BABY GIFT SET
23009,I LOVE LONDON BABY GIFT SET
23050,RECYCLED ACAPULCO MAT GREEN
23051,RECYCLED ACAPULCO MAT BLUE
23052,RECYCLED ACAPULCO MAT TURQUOISE
23053,RECYCLED ACAPULCO MAT PINK
23054,RECYCLED ACAPULCO MAT LAVENDER
23074,EMBOSSED HEART TRINKET BOX
23076,ICE CREAM SUNDAE LIP GLOSS
23082,SET 6 PAPER TABLE LANTERN HEARTS
23083,SET 6 PAPER TABLE LANTERN STARS
23088,ZINC HEART FLOWER T-LIGHT HOLDER
23089,GLASS BON BON JAR
23093,SMALL PARISIENNE HEART PHOTO FRAME
23112,PARISIENNE CURIO CABINET
23118,PARISIENNE JEWELLERY DRAWER
23158,SET OF 5 LUCKY CAT MAGNETS
23165,LARGE CERAMIC TOP STORAGE JAR
23166,MEDIUM CERAMIC TOP STORAGE JAR
23175,REGENCY MILK JUG PINK
23177,TREASURE ISLAND BOOK BOX
23183,MOTHER'S KITCHEN SPOON REST
23184,BULL DOG BOTTLE OPENER
23188,VINTAGE  2 METRE FOLDING RULER
23191,BUNDLE OF 3 RETRO NOTE BOOKS
23200,JUMBO BAG PEARS
23202,JUMBO BAG VINTAGE LEAF
23212,HEART WREATH DECORATION WITH BELL
23213,STAR WREATH DECORATION WITH BELL
23220,REINDEER HEART DECORATION GOLD
23224,CHERUB HEART DECORATION GOLD
23234,BISCUIT TIN VINTAGE CHRISTMAS
23241,TREASURE TIN GYMKHANA DESIGN
23243,SET OF TEA COFFEE SUGAR TINS PANTRY
23247,BISCUIT TIN 50'S CHRISTMAS
23264,SET OF 3 WOODEN SLEIGH DECORATIONS
23265,SET OF 3 WOODEN TREE DECORATIONS
23266,SET OF 3 WOODEN STOCKING DECORATION
23280,FOLDING BUTTERFLY MIRROR HOT PINK
23284,DOORMAT KEEP CALM AND COME IN
23285,PINK VINTAGE SPOT BEAKER
23287,RED VINTAGE SPOT BEAKER
23290,SPACEBOY CHILDRENS BOWL
23292,SPACEBOY CHILDRENS CUP
23294,SET OF 6 SNACK LOAF BAKING CASES
23299,FOOD COVER WITH BEADS SET 2
23307,SET OF 60 PANTRY DESIGN CAKE CASES
23308,SET OF 60 VINTAGE LEAF CAKE CASES
23309,SET OF 60 I LOVE LONDON CAKE CASES
23310,BUBBLEGUM RING ASSORTED
23314,VINTAGE CHRISTMAS TABLECLOTH
23322,LARGE WHITE HEART OF WICKER
23323,WHITE WICKER STAR
23332,IVORY WICKER HEART LARGE
23336,EGG FRYING PAN PINK
23340,VINTAGE CHRISTMAS CAKE FRILL
23345,DOLLY GIRL BEAKER
23347,I LOVE LONDON BEAKER
23365,SET 12 COLOUR PENCILS LOVE LONDON
23366,SET 12 COLOURING PENCILS DOILY
79190B,RETRO PLASTIC POLKA TRAY
79190A,RETRO PLASTIC 70'S TRAY
22151,PLACE SETTING WHITE HEART
71459,HANGING JAM JAR T-LIGHT HOLDERS
22252,BIRDCAGE DECORATION TEALIGHT HOLDER
21559,STRAWBERRY LUNCH BOX WITH CUTLERY
22716,CARD CIRCUS PARADE
10125,MINI FUNKY DESIGN TAPES
23367,SET 12 COLOUR PENCILS SPACEBOY
22551,PLASTERS IN TIN SPACEBOY
22554,PLASTERS IN TIN WOODLAND ANIMALS
23390,DOLLY GIRL MINI BACKPACK
23535,WALL ART BICYCLE SAFETY
22633,HAND WARMER UNION JACK
15056N,EDWARDIAN PARASOL NATURAL
15056BL,EDWARDIAN PARASOL BLACK
23439,HAND WARMER RED LOVE HEART
21877,HOME SWEET HOME MUG
21871,SAVE THE PLANET MUG
22798,ANTIQUE GLASS DRESSING TABLE POT
23173,REGENCY TEAPOT ROSES
22664,TOY TIDY DOLLY GIRL DESIGN
72800E,4 IVORY DINNER CANDLES SILVER FLOCK
23598,PAPER BUNTING VINTAGE PARTY
16169E,WRAP 50'S  CHRISTMAS
22314,OFFICE MUG WARMER CHOC+BLUE
22313,OFFICE MUG WARMER PINK
23438,RED SPOT GIFT BAG LARGE
20831,GOLD PHOTO FRAME
21462,"NURSERY A,B,C PAINTED LETTERS"
22076,6 RIBBONS EMPIRE
22190,LOCAL CAFE MUG
22215,CAKE STAND WHITE TWO TIER LACE
22220,CAKE STAND LOVEBIRD 2 TIER WHITE
22539,MINI JIGSAW DOLLY GIRL
20719,WOODLAND CHARLOTTE BAG
20723,STRAWBERRY CHARLOTTE BAG
20724,RED RETROSPOT CHARLOTTE BAG
21212,PACK OF 72 RETROSPOT CAKE CASES
21238,RED RETROSPOT CUP
21242,RED RETROSPOT PLATE
21484,CHICK GREY HOT WATER BOTTLE
21671,RED SPOT CERAMIC DRAWER KNOB
21672,WHITE SPOT RED CERAMIC DRAWER KNOB
21714,CITRONELLA CANDLE GARDEN POT
22110,BIRD HOUSE HOT WATER BOTTLE
22355,CHARLOTTE BAG SUKI DESIGN
22356,CHARLOTTE BAG PINK POLKADOT
22383,LUNCH BAG SUKI DESIGN
22423,REGENCY CAKESTAND 3 TIER
22725,ALARM CLOCK BAKELIKE CHOCOLATE
22735,RIBBON REEL SOCKS AND MITTENS
22738,RIBBON REEL SNOWY VILLAGE
22805,BLUE DRAWER KNOB ACRYLIC EDWARDIAN
22835,HOT WATER BOTTLE I AM SO POORLY
22895,SET OF 2 TEA TOWELS APPLE AND PEARS
22896,PEG BAG APPLES DESIGN
22898,CHILDRENS APRON APPLES DESIGN
22943,CHRISTMAS LIGHTS 10 VINTAGE BAUBLES
23204,CHARLOTTE BAG APPLES DESIGN
23206,LUNCH BAG APPLE DESIGN
23207,LUNCH BAG ALPHABET DESIGN
23208,LUNCH BAG VINTAGE LEAF DESIGN
23357,HOT WATER BOTTLE SEX BOMB
23358,HOT STUFF HOT WATER BOTTLE
47566,PARTY BUNTING
82583,HOT BATHS METAL SIGN
84997c,CHILDRENS CUTLERY POLKADOT BLUE
85049g,CHOCOLATE BOX RIBBONS
15056bl,EDWARDIAN PARASOL BLACK
20669,RED HEART LUGGAGE TAG
20679,EDWARDIAN PARASOL RED
20712,JUMBO BAG WOODLAND ANIMALS
20717,STRAWBERRY SHOPPER BAG
20718,RED RETROSPOT SHOPPER BAG
20726,LUNCH BAG WOODLAND
20728,LUNCH BAG CARS BLUE
20961,STRAWBERRY BATH SPONGE
20963,APPLE BATH SPONGE
21115,ROSE CARAVAN DOORSTOP
21125,SET 6 FOOTBALL CELEBRATION CANDLES
21155,RED RETROSPOT PEG BAG
21166,COOK WITH WINE METAL SIGN
21174,POTTERING IN THE SHED METAL SIGN
21181,PLEASE ONE PERSON METAL SIGN
21216,"SET 3 RETROSPOT TEA,COFFEE,SUGAR"
21218,RED SPOTTY BISCUIT TIN
21232,STRAWBERRY CERAMIC TRINKET POT
21239,PINK  POLKADOT CUP
21327,SKULLS WRITING SET
21411,GINGHAM HEART  DOORSTOP RED
21430,SET/3 RED GINGHAM ROSE STORAGE BOX
21494,ROTATING LEAVES T-LIGHT HOLDER
21523,DOORMAT FANCY FONT HOME SWEET HOME
21557,SET OF 6 FUNKY BEAKERS
21558,SKULL LUNCH BOX WITH CUTLERY
21754,HOME BUILDING BLOCK WORD
21843,RED RETROSPOT CAKE STAND
21864,UNION JACK FLAG PASSPORT COVER
21874,GIN AND TONIC MUG
21876,POTTERING MUG
21890,S/6 WOODEN SKITTLES IN COTTON BAG
21912,VINTAGE SNAKES & LADDERS
21928,JUMBO BAG SCANDINAVIAN BLUE PAISLEY
21930,JUMBO STORAGE BAG SKULLS
21934,SKULL SHOULDER BAG
21935,SUKI  SHOULDER BAG
21942,SKULLS DESIGN FLANNEL
21955,DOORMAT UNION JACK GUNS AND ROSES
21977,PACK OF 60 PINK PAISLEY CAKE CASES
21983,PACK OF 12 BLUE PAISLEY TISSUES
21987,PACK OF 6 SKULL PAPER CUPS
21989,PACK OF 20 SKULL PAPER NAPKINS
22041,"RECORD FRAME 7"" SINGLE SIZE"
22099,CARAVAN SQUARE TISSUE BOX
22114,HOT WATER BOTTLE TEA AND SYMPATHY
22142,CHRISTMAS CRAFT WHITE FAIRY
22161,HEART DECORATION RUSTIC HANGING
22173,METAL 4 HOOK HANGER FRENCH CHATEAU
22174,PHOTO CUBE
22179,SET 10 NIGHT OWL LIGHTS
22186,RED STAR CARD HOLDER
22187,GREEN CHRISTMAS TREE CARD HOLDER
22193,RED DINER WALL CLOCK
22195,LARGE HEART MEASURING SPOONS
22196,SMALL HEART MEASURING SPOONS
22207,FRYING PAN UNION FLAG
22278,OVERNIGHT BAG VINTAGE ROSE PAISLEY
22301,COFFEE MUG CAT + BIRD DESIGN
22302,COFFEE MUG PEARS  DESIGN
22303,COFFEE MUG APPLES DESIGN
22304,COFFEE MUG BLUE PAISLEY DESIGN
22308,TEA COSY BLUE STRIPE
22327,ROUND SNACK BOXES SET OF 4 SKULLS
22352,LUNCH BOX WITH CUTLERY RETROSPOT
22357,KINGS CHOICE BISCUIT TIN
22358,KINGS CHOICE TEA CADDY
22371,AIRLINE BAG VINTAGE TOKYO 78
22374,AIRLINE BAG VINTAGE JET SET RED
22378,WALL TIDY RETROSPOT
22379,RECYCLING BAG RETROSPOT
22381,TOY TIDY PINK POLKADOT
22384,LUNCH BAG PINK POLKADOT
22422,TOOTHPASTE TUBE PEN
22424,ENAMEL BREAD BIN CREAM
22429,ENAMEL MEASURING JUG CREAM
22456,NATURAL SLATE CHALKBOARD LARGE
22457,NATURAL SLATE HEART CHALKBOARD
22471,TV DINNER TRAY AIR HOSTESS
22474,SPACEBOY TV DINNER TRAY
22488,NATURAL SLATE RECTANGLE CHALKBOARD
22498,WOODEN REGATTA BUNTING
22507,MEMO BOARD RETROSPOT  DESIGN
22526,WHEELBARROW FOR CHILDREN
22553,PLASTERS IN TIN SKULLS
22557,PLASTERS IN TIN VINTAGE PAISLEY
22619,SET OF 6 SOLDIER SKITTLES
22632,HAND WARMER RED RETROSPOT
22654,DELUXE SEWING KIT
22659,LUNCH BOX I LOVE LONDON
22663,JUMBO BAG DOLLY GIRL DESIGN
22666,RECIPE BOX PANTRY YELLOW DESIGN
22676,FRENCH BLUE METAL DOOR SIGN 1
22684,FRENCH BLUE METAL DOOR SIGN 9
22697,GREEN REGENCY TEACUP AND SAUCER
22699,ROSES REGENCY TEACUP AND SAUCER
22722,SET OF 6 SPICE TINS PANTRY DESIGN
22733,3D TRADITIONAL CHRISTMAS STICKERS
22776,SWEETHEART 3 TIER CAKE STAND
22795,SWEETHEART RECIPE BOOK STAND
22813,PACK 3 BOXES BIRD PANETTONE
22838,3 TIER CAKE TIN RED AND CREAM
22844,VINTAGE CREAM DOG FOOD CONTAINER
22845,VINTAGE CREAM CAT FOOD CONTAINER
22865,HAND WARMER OWL DESIGN
22866,HAND WARMER SCOTTY DOG DESIGN
22891,TEA FOR ONE POLKADOT
22900,SET 2 TEA TOWELS I LOVE LONDON
22960,JAM MAKING SET WITH JARS
22961,JAM MAKING SET PRINTED
22966,GINGERBREAD MAN COOKIE CUTTER
23012,GLASS APOTHECARY BOTTLE PERFUME
23013,GLASS APOTHECARY BOTTLE TONIC
23014,GLASS APOTHECARY BOTTLE ELIXIR
23080,RED METAL BOX TOP SECRET
23170,REGENCY TEA PLATE ROSES
23171,REGENCY TEA PLATE GREEN
23172,REGENCY TEA PLATE PINK
23181,BULL DOG BOTTLE TOP WALL CLOCK
23196,VINTAGE LEAF MAGNETIC NOTEPAD
23198,PANTRY MAGNETIC  SHOPPING LIST
23295,SET OF 12 MINI LOAF BAKING CASES
23300,GARDENERS KNEELING PAD CUP OF TEA
23311,VINTAGE CHRISTMAS STOCKING
23312,VINTAGE CHRISTMAS GIFT SACK
23351,ROLL WRAP 50'S CHRISTMAS
23352,ROLL WRAP 50'S RED CHRISTMAS
23354,6 GIFT TAGS 50'S CHRISTMAS
23368,SET 12 COLOUR PENCILS DOLLY GIRL
23369,SET 36 COLOUR PENCILS LOVE LONDON
23370,SET 36 COLOURING PENCILS DOILY
23388,WOODLAND MINI BACKPACK
23437,50'S CHRISTMAS GIFT BAG LARGE
23493,VINTAGE DOILY TRAVEL SEWING KIT
23494,VINTAGE DOILY DELUXE SEWING KIT
23497,CLASSIC CHROME BICYCLE BELL
23501,KEY RING BASEBALL BOOT UNION JACK
23564,EGG CUP MILKMAID INGRID
35970,ZINC FOLKART SLEIGH BELLS
48138,DOORMAT UNION FLAG
71053,WHITE MOROCCAN METAL LANTERN
72349b,SET/6 PURPLE BUTTERFLY T-LIGHTS
82001s,SILVER RECORD COVER FRAME
82482,WOODEN PICTURE FRAME WHITE FINISH
82552,WASHROOM METAL SIGN
82580,BATHROOM METAL SIGN
82581,TOILET METAL SIGN
82600,N0 SINGING METAL SIGN
84029E,RED WOOLLY HOTTIE WHITE HEART.
84375,SET OF 20 KIDS COOKIE CUTTERS
84509a,SET OF 4 ENGLISH ROSE PLACEMATS
84558a,3D DOG PICTURE PLAYING CARDS
84968e,SET OF 16 VINTAGE BLACK CUTLERY
84970s,HANGING HEART ZINC T-LIGHT HOLDER
84997a,CHILDRENS CUTLERY POLKADOT GREEN
84997b,CHILDRENS CUTLERY RETROSPOT RED
84997d,CHILDRENS CUTLERY POLKADOT PINK
85048,15CM CHRISTMAS GLASS BALL 20 LIGHTS
85049a,TRADITIONAL CHRISTMAS RIBBONS
85049e,SCANDINAVIAN REDS RIBBONS
85099B,JUMBO BAG RED RETROSPOT
85150,LADIES & GENTLEMEN METAL SIGN
85174,S/4 CACTI CANDLES
DOT,DOTCOM POSTAGE
M,Manual
82486,3 DRAWER ANTIQUE WHITE WOOD CABINET
85066,CREAM SWEETHEART MINI CHEST
22319,HAIRCLIPS FORTIES FABRIC ASSORTED
20704,MR ROBOT SOFT TOY
21564,PINK  HEART SHAPE LOVE BUCKET
21563,RED HEART SHAPE LOVE BUCKET
22165,"DIAMANTE HEART SHAPED WALL MIRROR,"
22299,PIG KEYRING WITH LIGHT & SOUND
22447,PIN CUSHION BABUSHKA BLUE
22495,SET OF 2 ROUND TINS CAMEMBERT
22544,MINI JIGSAW SPACEBOY
22785,SQUARECUSHION COVER PINK UNION JACK
22811,SET OF 6 T-LIGHTS CACTI
22807,SET OF 6 T-LIGHTS TOADSTOOLS
22942,CHRISTMAS LIGHTS 10 SANTAS
22808,SET OF 6 T-LIGHTS EASTER CHICKS
23143,ZINC WIRE KITCHEN ORGANISER
23151,ZINC SWEETHEART SOAP DISH
23425,STORAGE TIN HOME SWEET HOME
84356,POMPOM CURTAIN
85173,SET/6 FROG PRINCE T-LIGHT CANDLES
21731,RED TOADSTOOL LED NIGHT LIGHT
22545,MINI JIGSAW BUNNIES
22087,PAPER BUNTING WHITE LACE
21209,MULTICOLOUR HONEYCOMB FAN
20668,DISCO BALL CHRISTMAS DECORATION
23270,SET OF 2 CERAMIC PAINTED HEARTS
23103,JINGLE BELL HEART DECORATION
22576,SWALLOW WOODEN CHRISTMAS DECORATION
21810,CHRISTMAS HANGING STAR WITH BELL
22155,STAR DECORATION RUSTIC
23210,WHITE ROCKING HORSE HAND PAINTED
22573,STAR WOODEN CHRISTMAS DECORATION
22734,SET OF 6 RIBBONS VINTAGE CHRISTMAS
23274,STAR T-LIGHT HOLDER WILLIE WINKIE
22153,ANGEL DECORATION STARS ON DRESS
22596,CHRISTMAS STAR WISH LIST CHALKBOARD
22952,60 CAKE CASES VINTAGE CHRISTMAS
22753,SMALL YELLOW BABUSHKA NOTEBOOK
22755,SMALL PURPLE BABUSHKA NOTEBOOK
22754,SMALL RED BABUSHKA NOTEBOOK
22059,CERAMIC STRAWBERRY DESIGN MUG
22199,FRYING PAN RED RETROSPOT
22200,FRYING PAN PINK POLKADOT
84032A,CHARLIE+LOLA PINK HOT WATER BOTTLE
84032B,CHARLIE + LOLA RED HOT WATER BOTTLE
84031A,CHARLIE+LOLA RED HOT WATER BOTTLE
84031B,CHARLIE LOLA BLUE HOT WATER BOTTLE
22646,CERAMIC STRAWBERRY CAKE MONEY BANK
22644,CERAMIC CHERRY CAKE MONEY BANK
22645,CERAMIC HEART FAIRY CAKE MONEY BANK
22394,PAPERWEIGHT KINGS CHOICE
35471D,SET OF 3 BIRD LIGHT PINK FEATHER
17091J,VANILLA INCENSE IN TIN
22069,BROWN  PIRATE TREASURE CHEST
22500,SET OF 2 TINS JARDIN DE PROVENCE
21109,LARGE CAKE TOWEL CHOCOLATE SPOTS
21111,"SWISS ROLL TOWEL, CHOCOLATE  SPOTS"
21705,BAG 500g SWIRLY MARBLES
22185,SLATE TILE NATURAL HANGING
22442,GROW YOUR OWN FLOWERS SET OF 3
21620,SET OF 4 ROSE BOTANICAL CANDLES
84029G,KNITTED UNION FLAG HOT WATER BOTTLE
21485,RETROSPOT HEART HOT WATER BOTTLE
22111,SCOTTIE DOG HOT WATER BOTTLE
22112,CHOCOLATE HOT WATER BOTTLE
21108,FAIRY CAKE FLANNEL ASSORTED COLOUR
22171,3 HOOK PHOTO SHELF ANTIQUE WHITE
23301,GARDENERS KNEELING PAD KEEP CALM
23193,BUFFALO BILL TREASURE BOOK BOX
23194,GYMKHANA TREASURE BOOK BOX
22068,BLACK PIRATE TREASURE CHEST
22956,36 FOIL HEART CAKE CASES
20936,FORKED CACTUS CANDLE
21222,SET/4 BADGES BEETLES
21220,SET/4 BADGES DOGS
21224,SET/4 SKULL BADGES
85123A,CREAM HANGING HEART T-LIGHT HOLDER
79066K,RETRO MOD TRAY
23371,SET 36 COLOUR PENCILS SPACEBOY
22694,WICKER STAR
22095,LADS ONLY TISSUE BOX
21673,WHITE SPOT BLUE CERAMIC DRAWER KNOB
21670,BLUE SPOT CERAMIC DRAWER KNOB
85071C,"CHARLIE+LOLA""EXTREMELY BUSY"" SIGN"
23034,DRAWER KNOB CERAMIC BLACK
21669,BLUE STRIPE CERAMIC DRAWER KNOB
23033,DRAWER KNOB CERAMIC RED
21668,RED STRIPE CERAMIC DRAWER KNOB
23382,BOX OF 6 CHRISTMAS CAKE DECORATIONS
22469,HEART OF WICKER SMALL
23527,WALL ART ANIMALS AND NATURE
23524,WALL ART HORSE & PONY
23525,WALL ART BUFFALO BILL
84380,SET OF 3 BUTTERFLY COOKIE CUTTERS
23122,PARTY CHARMS 50 PIECES
21990,MODERN FLORAL STATIONERY SET
21329,DINOSAURS  WRITING SET
21328,BALLOONS  WRITING SET
22561,WOODEN SCHOOL COLOURING SET
84519A,TOMATO CHARLIE+LOLA COASTER SET
84519B,CARROT CHARLIE+LOLA COASTER SET
21591,COSY HOUR CIGAR BOX MATCHES
23320,GIANT 50'S CHRISTMAS CRACKER
23349,ROLL WRAP VINTAGE CHRISTMAS
22985,WRAP BILLBOARD FONTS DESIGN
23040,PAPER LANTERN 9 POINT SNOW STAR
23041,PAPER LANTERN 9 POINT SNOW STAR
21208,PASTEL COLOUR HONEYCOMB FAN
79191D,RETRO PLASTIC DAISY TRAY
79191B,RETRO PLASTIC POLKA TRAY
22909,SET OF 20 VINTAGE CHRISTMAS NAPKINS
23537,WALL ART I LOVE LONDON
23190,BUNDLE OF 3 SCHOOL EXERCISE BOOKS
20727,LUNCH BAG  BLACK SKULL.
21194,PINK  HONEYCOMB PAPER FAN
35004B,SET OF 3 BLACK FLYING DUCKS
21355,TOAST ITS - I LOVE YOU
23404,HOME SWEET HOME BLACKBOARD
21417,COCKLE SHELL DISH
22464,HANGING METAL HEART LANTERN
22465,HANGING METAL STAR LANTERN
84971S,SMALL HEART FLOWERS HOOK
22625,RED KITCHEN SCALES
23355,HOT WATER BOTTLE KEEP CALM
21326,AGED GLASS SILVER T-LIGHT HOLDER
21479,WHITE SKULL HOT WATER BOTTLE
84978,HANGING HEART JAR T-LIGHT HOLDER
20979,36 PENCILS TUBE RED RETROSPOT
22141,CHRISTMAS CRAFT TREE TOP ANGEL
22175,PINK OWL SOFT TOY
21481,FAWN BLUE HOT WATER BOTTLE
22331,WOODLAND PARTY BAG + STICKER SET
22834,HAND WARMER BABUSHKA DESIGN
22139,RETROSPOT TEA SET CERAMIC 11 PC
23077,DOUGHNUT LIP GLOSS
20750,RED RETROSPOT MINI CASES
22505,MEMO BOARD COTTAGE DESIGN
23326,HANGING MINI COLOURED BOTTLES
21313,GLASS HEART T-LIGHT HOLDER
48187,DOORMAT NEW ENGLAND
23317,BLUE REFECTORY CLOCK
23197,SKETCHBOOK MAGNETIC SHOPPING LIST
21012,ANTIQUE ALL GLASS CANDLESTICK
22227,HANGING HEART MIRROR DECORATION
22794,SWEETHEART WIRE MAGAZINE RACK
23182,TOILET SIGN OCCUPIED OR VACANT
21755,LOVE BUILDING BLOCK WORD
85053,FRENCH ENAMEL CANDLEHOLDER
23110,PARISIENNE KEY CABINET
21169,YOU'RE CONFUSING ME METAL SIGN
23168,CLASSIC CAFE SUGAR DISPENSER
23167,SMALL CERAMIC TOP STORAGE JAR
21314,SMALL GLASS HEART TRINKET POT
21137,BLACK RECORD COVER FRAME
44234,ASSORTED CIRCULAR MOBILE
22627,MINT KITCHEN SCALES
22624,IVORY KITCHEN SCALES
23245,SET OF 3 REGENCY CAKE TINS
22326,ROUND SNACK BOXES SET OF4 WOODLAND
22328,ROUND SNACK BOXES SET OF 4 FRUITS
23238,SET OF 4 KNICK KNACK TINS LONDON
23237,SET OF 4 KNICK KNACK TINS LEAF
21257,VICTORIAN SEWING BOX MEDIUM
21258,VICTORIAN SEWING BOX LARGE
23111,PARISIENNE SEWING BOX
22077,6 RIBBONS RUSTIC CHARM
22074,6 RIBBONS SHIMMERING PINKS
22621,TRADITIONAL KNITTING NANCY
POST,POSTAGE
21124,SET/10 BLUE POLKADOT PARTY CANDLES
21122,SET/10 PINK POLKADOT PARTY CANDLES
23389,SPACEBOY MINI BACKPACK
22976,CIRCUS PARADE CHILDRENS EGG CUP
84997D,CHILDRENS CUTLERY POLKADOT PINK
84997B,CHILDRENS CUTLERY RETROSPOT RED
84997C,CHILDRENS CUTLERY POLKADOT BLUE
21914,BLUE HARMONICA IN BOX
22549,PICTURE DOMINOES
21918,SET 12 KIDS COLOUR  CHALK STICKS
22992,REVOLVER WOODEN RULER
22991,GIRAFFE WOODEN RULER
23229,VINTAGE DONKEY TAIL GAME
22622,BOX OF VINTAGE ALPHABET BLOCKS
21506,"FANCY FONT BIRTHDAY CARD,"
21507,ELEPHANT BIRTHDAY CARD
23037,CANDLE HOLDER SILVER MADELINE
23550,WRAP ALPHABET POSTER
22711,WRAP CIRCUS PARADE
21497,FANCY FONTS BIRTHDAY WRAP
22585,PACK OF 6 BIRDY GIFT TAGS
23205,CHARLOTTE BAG VINTAGE ALPHABET
23515,EMBROIDERED RIBBON REEL DAISY
22081,RIBBON REEL FLORA + FAUNA
22080,RIBBON REEL POLKADOTS
23298,SPOTTY BUNTING
22907,PACK OF 20 NAPKINS PANTRY DESIGN
23215,JINGLE BELL HEART ANTIQUE SILVER
22736,RIBBON REEL MAKING SNOWMEN
22386,JUMBO BAG PINK POLKADOT
22411,JUMBO SHOPPER VINTAGE RED PAISLEY
21929,JUMBO BAG PINK VINTAGE PAISLEY
85099C,JUMBO  BAG BAROQUE BLACK WHITE
20713,JUMBO BAG OWLS
21931,JUMBO STORAGE BAG SUKI
23199,JUMBO BAG APPLES
23353,6 GIFT TAGS VINTAGE CHRISTMAS
23350,ROLL WRAP VINTAGE SPOT
23319,BOX OF 6 MINI 50'S CRACKERS
23318,BOX OF 6 MINI VINTAGE CRACKERS
22910,PAPER CHAIN KIT VINTAGE CHRISTMAS
22086,PAPER CHAIN KIT 50'S CHRISTMAS
21121,SET/10 RED POLKADOT PARTY CANDLES
23489,VINTAGE BELLS GARLAND
23570,TRADITIONAL PICK UP STICKS GAME
22993,SET OF 4 PANTRY JELLY MOULDS
23480,MINI LIGHTS WOODLAND MUSHROOMS
22197,POPCORN HOLDER
23293,SET OF 12 FAIRY CAKE BAKING CASES
23313,VINTAGE CHRISTMAS BUNTING
84347,ROTATING SILVER ANGELS T-LIGHT HLDR
22083,PAPER CHAIN KIT RETROSPOT
23376,PACK OF 12 VINTAGE CHRISTMAS TISSUE
22941,CHRISTMAS LIGHTS 10 REINDEER
23201,JUMBO BAG ALPHABET
23343,JUMBO BAG VINTAGE CHRISTMAS
23344,JUMBO BAG 50'S CHRISTMAS
23581,JUMBO BAG PAISLEY PARK
23334,IVORY WICKER HEART SMALL
21790,VINTAGE SNAP CARDS
84993A,75 GREEN PETIT FOUR CASES
22906,12 MESSAGE CARDS WITH ENVELOPES
21803,CHRISTMAS TREE STAR DECORATION
21809,CHRISTMAS HANGING TREE WITH BELL
20974,12 PENCILS SMALL TUBE SKULL
23338,EGG FRYING PAN RED
85049A,TRADITIONAL CHRISTMAS RIBBONS
23126,FELTCRAFT GIRL AMELIE KIT
22695,WICKER WREATH SMALL
22144,CHRISTMAS CRAFT LITTLE FRIENDS
22908,PACK OF 20 NAPKINS RED APPLES
22894,TABLECLOTH RED APPLES DESIGN
22704,WRAP RED APPLES
22721,SET OF 3 CAKE TINS SKETCHBOOK
22816,CARD MOTORBIKE SANTA
85049E,SCANDINAVIAN REDS RIBBONS
22075,6 RIBBONS ELEGANT CHRISTMAS
21351,CINAMMON & ORANGE WREATH
22698,PINK REGENCY TEACUP AND SAUCER
22567,20 DOLLY PEGS RETROSPOT
79321,CHILLI LIGHTS
37500,TEA TIME TEAPOT IN GIFT BOX
23562,SET OF 6 RIBBONS PERFECTLY PRETTY
23561,SET OF 6 RIBBONS PARTY
23681,LUNCH BAG RED VINTAGE DOILY
23552,BICYCLE PUNCTURE REPAIR KIT
23498,CLASSIC BICYCLE CLIPS
20725,LUNCH BAG RED RETROSPOT
20832,RED FLOCK LOVE HEART PHOTO FRAME
85038,6 CHOCOLATE LOVE HEART T-LIGHTS
22481,BLACK TEA TOWEL CLASSIC DESIGN
22915,ASSORTED BOTTLE TOP  MAGNETS
22178,VICTORIAN GLASS HANGING T-LIGHT
22460,EMBOSSED GLASS TEALIGHT HOLDER
84832,ZINC WILLIE WINKIE  CANDLE STICK
23084,RABBIT NIGHT LIGHT
84879,ASSORTED COLOUR BIRD ORNAMENT
84945,MULTI COLOUR SILVER T-LIGHT HOLDER
22113,GREY HEART HOT WATER BOTTLE
23356,LOVE HOT WATER BOTTLE
16016,LARGE CHINESE STYLE SCISSOR
21916,SET 12 RETRO WHITE CHALK STICKS
84692,BOX OF 24 COCKTAIL PARASOLS
84946,ANTIQUE SILVER T-LIGHT GLASS
21684,SMALL MEDINA STAMPED METAL BOWL
22398,MAGNETS PACK OF 4 SWALLOWS
23328,SET 6 SCHOOL MILK BOTTLES IN CRATE
23145,ZINC T-LIGHT HOLDER STAR LARGE
22466,FAIRY TALE COTTAGE NIGHT LIGHT
22061,LARGE CAKE STAND  HANGING STRAWBERY
23275,SET OF 3 HANGING OWLS OLLIE BEAK
21217,RED RETROSPOT ROUND CAKE TINS
20685,DOORMAT RED RETROSPOT
22631,CIRCUS PARADE LUNCH BOX
22556,PLASTERS IN TIN CIRCUS PARADE
22555,PLASTERS IN TIN STRONGMAN
22728,ALARM CLOCK BAKELIKE PINK
22727,ALARM CLOCK BAKELIKE RED
22726,ALARM CLOCK BAKELIKE GREEN
22730,ALARM CLOCK BAKELIKE IVORY
22367,CHILDRENS APRON SPACEBOY DESIGN
22629,SPACEBOY LUNCH BOX
23256,CHILDRENS CUTLERY SPACEBOY
22613,PACK OF 20 SPACEBOY NAPKINS
22899,CHILDREN'S APRON DOLLY GIRL
23254,CHILDRENS CUTLERY DOLLY GIRL
23255,CHILDRENS CUTLERY CIRCUS PARADE
22138,BAKING SET 9 PIECE RETROSPOT
